목적,읍면동,설치장소,위도,경도,설치연도,설치대수
방범,천전동,망경동 50-14,35.183983,128.084266,2018,2
방범,천전동,망경동 32-26,35.185529,128.083044,2018,2
공원,가호동,가좌동 산 88-7,35.166399,128.104572,2022,3
공원,가호동,가좌동 산 88-7,35.165888,128.105001,2022,4
어린이보호구역,가호동,가호동 1397-41 ,35.164168,128.110856,2022,2
어린이보호구역,가호동,가호동 691,35.15974,128.109232,2022,3
어린이보호구역,가호동,가호동  622 ,35.160054,128.109199,2022,3
어린이보호구역,가호동,가호동  637-4 ,35.159468,128.107919,2022,3
방범,천전동,가좌동 1267-2,35.164258,128.091285,2015,2
방범,천전동,망경동 526-50,35.178443,128.086714,2015,1
어린이보호구역,가호동,가호동 579-26,35.161615,128.112404,2022,4
방범,천전동,망경동 102-7,35.185607,128.082583,2015,1
어린이보호구역,가호동,가호동 954-14 ,35.148944,128.102945,2022,3
방범,천전동,망경동 102-9,35.185508,128.082152,2015,1
어린이보호구역,가호동,가호동 996-15 ,35.149961,128.103438,2022,4
어린이보호구역,가호동,가호동 562-23 ,35.150057,128.102293,2022,2
교통관리,가호동,가좌동 638-3,35.15862,128.107753,2012,7
공원,가호동,가좌동 479-2,35.154531,128.108699,2022,4
공원,가호동,가좌동 539,35.151258,128.10593,2021,3
공원,가호동,가좌동 540,35.15219,128.106693,2021,3
방범,가호동,호탄동 605-6,35.163286,128.114544,2022,5
도로방범,가호동,가호동 산 86-1 ,35.167266,128.103944,2018,2
도로방범,가호동,가좌동 산86-1 ,35.166131,128.105418,2019,2
방범,가호동,가좌동 1441-14,35.157747,128.106842,2017,4
공원,가호동,가좌동 1933,35.165411,128.111072,2023,5
방범,천전동,칠암동 497-28 ,35.187947,128.088908,2018,2
공원,가호동,가좌동 1934,35.165566,128.110851,2023,3
방범,가호동,가좌동 1444-1,35.156573,128.104649,2015,3
방범,가호동,가좌동 1840,35.14532,128.101946,2023,3
방범,가호동,가좌동 1442-21,35.15715,128.106129,2023,2
방범,가호동,호탄동 986-1,35.164764,128.111256,2016,3
공원,가호동,가좌동 1438-7,35.158726,128.106096,2016,2
공원,가호동,가좌동 659-3,35.162334,128.108286,2016,2
공원,가호동,호탄동 638,35.164355,128.116819,2016,2
공원,가호동,가좌동 573-1,35.158393,128.108729,2017,2
방범,성북동,봉곡동 442-6,35.194972,128.073693,2018,3
공원,가호동,가좌동 446-1,35.152229,128.106871,2016,2
방범,가호동,호탄동 627-4 ,35.162775,128.116948,2017,2
방범,가호동,가좌동 492-3 ,35.152014,128.106161,2017,2
방범,가호동,호탄동 628-6 ,35.163407,128.117429,2018,2
방범,가호동,가좌동 산 89,35.166273,128.103908,2018,1
공원,가호동,호탄동 604 ,35.163498,128.113416,2018,2
교통관리,가호동,가좌동 산42,35.125326,128.111635,2019,4
방범,가호동,가좌동 480-5 ,35.153431,128.106514,2019,2
도로방범,가호동,가좌동 455-10 ,35.155827,128.108761,2019,3
공원,가호동,가좌동 1432-1 ,35.160376,128.106608,2019,3
공원,가호동,가좌동 663 ,35.162428,128.111194,2019,2
공원,가호동,가좌동 684-2 ,35.161076,128.108392,2019,2
방범,성북동,인사동 253-3 ,35.191676,128.069741,2019,4
공원,가호동,호탄동 619-8 ,35.162405,128.114368,2019,4
공원,가호동,호탄동 977-5 ,35.163843,128.109489,2019,2
공원,가호동,가좌동 1890 ,35.14508,128.103883,2019,2
방범,가호동,호탄동 607-2,35.163839,128.115316,2019,4
방범,가호동,가좌동 510-22,35.152334,128.104655,2019,7
방범,가호동,가좌동 483-10,35.153171,128.107108,2019,2
방범,중앙동,옥봉동 19,35.198311,128.098839,2022,3
방범,중앙동,수정동 284,35.195886,128.087464,2018,2
방범,중앙동,옥봉동 797-1,35.191913,128.091085,2018,3
방범,중앙동,대안동 8-568,35.193677,128.085748,2018,1
방범,중앙동,대안동 17-11,35.194592,128.08258,2019,2
방범,가호동,가좌동 464,35.157241,128.108864,2019,2
방범,중앙동,수정동 34-7,35.195431,128.085562,2015,4
방범,중앙동,수정동 34-7,35.195626,128.086246,2015,3
방범,중앙동,수정동 34-7,35.195804,128.086917,2015,2
방범,중앙동,수정동 30-17,35.196613,128.085818,2015,2
방범,중앙동,수정동 30-17,35.196391,128.086464,2015,3
방범,중앙동,수정동 30-17,35.196352,128.085744,2015,3
방범,중앙동,수정동 30-17,35.19604,128.085318,2015,3
방범,중앙동,수정동 30-17,35.197398,128.084592,2015,3
방범,중앙동,수정동 30-17,35.196844,128.086251,2015,2
방범,중앙동,수정동 29-31,35.197357,128.086019,2015,1
방범,중앙동,수정동 29-31,35.197451,128.08617,2015,1
방범,중앙동,수정동 29-31,35.197868,128.085735,2015,1
방범,중앙동,수정동 29-31,35.197442,128.085534,2015,3
방범,중앙동,대안동 14-8,35.194393,128.083171,2018,4
방범,가호동,가좌동 654-6,35.162273,128.107302,2019,2
방범,중앙동,수정동 30-17,35.196354,128.087087,2015,1
방범,가호동,가좌동 479-24,35.15504,128.108892,2019,3
방범,가호동,가좌동 552-10,35.150337,128.10464,2019,4
방범,가호동,호탄동 643-8,35.164616,128.117707,2019,3
방범,가호동,호탄동 638,35.163964,128.116677,2019,2
방범,가호동,호탄동 602-2,35.164107,128.113102,2020,4
도로방범,가호동,가좌동 486-1,35.153196,128.108769,2020,4
방범,가호동,가좌동 449-1,35.157386,128.107856,2019,3
공원,가호동,가좌동 436,35.151965,128.110715,2020,2
공원,가호동,가좌동 339.4,35.147925,128.108104,2020,2
방범,가호동,호탄동 625-1,35.16332,128.11649,2021,2
방범,가호동,가호동 803,35.161301,128.102683,2022,2
방범,중앙동,옥봉동 427-3,35.198947,128.087454,2016,3
교통관리,중앙동,중앙동 5-5,35.195581,128.08372,2018,2
주정차단속,가호동,가좌동 1958,35.154793,128.117841,2019,5
주정차단속,가호동,가좌동 2064-1,35.151997,128.115537,2019,4
스마트정류장,가호동,가좌동 996-12,35.152682,128.105689,2022,2
스마트정류장,가호동,가좌동 996-4,35.15542,128.107387,2022,1
스마트정류장,가호동,가좌동 510-22,35.15791,128.107528,2022,2
스마트폴,가호동,가좌동 506-8,35.15614,128.10709,2022,1
스마트폴,가호동,가좌동 1965,35.15286,128.11574,2022,1
스마트폴,가호동,가좌동 758-2,35.16629,128.10459,2022,1
방범,가호동,가좌동 1705-2,35.151518,128.124287,2021,3
도로방범,가호동,가좌동 996-16,35.146824,128.101046,2022,4
방범,가호동,가좌동 561-2,35.150798,128.105858,2022,3
방범,가호동,가좌동 1934-1,35.165904,128.109541,2022,3
방범,가호동,호탄동 547-1,35.164985,228.115061,2023,3
방범,중앙동,장대동 55-11,35.195446,128.087545,2019,2
방범,중앙동,옥봉동 565-4 ,35.19541,128.091201,2019,2
방범,가호동,가좌동 2043-1 ,35.150004,128.112862,2023,4
어린이보호구역,금곡면,금곡면 두문리 680-17,35.089542,128.185619,2022,3
어린이보호구역,금곡면,금곡면 두문리 652-7,35.089652,128.186854,2022,2
방범,상봉동,상봉동 597-17,35.205066,128.073482,2018,2
어린이보호구역,금곡면,금곡면 두문리 646-10,35.090392,128.186941,2022,5
어린이보호구역,금곡면,금곡면 두문리 682-9 ,35.09007,128.18515,2022,2
방범,금곡면,금곡면 정자리 700-1,35.134413,128.177087,2019,2
방범,금곡면,오서리 799,35.09254,128.1886,2021,2
방범,금곡면,오서리 1611-205,35.0897,128.18893,2021,2
도로방범,금곡면,금곡면 검암리 1068-3,35.1154,128.185812,2022,4
방범,금곡면 ,금곡면 두문리 621-7 ,35.091853,128.186198,2023,2
방범,금곡면 ,금곡면 성산리 211-1 ,35.073215,128.200296,2023,2
방범,금산면,금산면 용아리 1102-16,35.207494,128.151057,2016,1
방범,금산면,금산면 갈전리 1109-1 ,35.184144,128.156183,2018,1
방범,금산면,금산면 장사리 963-2 ,35.217624,128.145965,2019,3
공원,금산면,금산면 중천리 278-6 ,35.173774,128.131766,2019,2
어린이보호구역,금산면,금산면 장사리 585-8,35.218518,128.159607,2022,4
어린이보호구역,금산면,금산면 장사리 524-10,35.215644,128.155501,2022,1
어린이보호구역,금산면,금산면 송백리 556-1,35.204828,128.134639,2022,3
어린이보호구역,금산면,금산면 중천리 249-8 ,35.214797,128.144772,2022,4
어린이보호구역,금산면,금산면 중천리 251,35.216613,128.143961,2022,3
어린이보호구역,금산면,금산면 장사리 961,35.218646,128.142752,2022,4
어린이보호구역,금산면,금산면 장사리 961,35.21932,128.143459,2022,3
어린이보호구역,금산면,금산면 장사리 961,35.219228,128.144773,2022,4
도로방범,금산면,금산면 중천리 242-5,35.214514,128.146148,2015,5
방범,금산면,금산면 장사리 810-4,35.220341,128.150654,2019,3
방범,금산면,금산면 가방리 72-7,35.232486,128.16529,2019,3
방범,금산면,금산면 장사리 2156-3,35.215176,128.14732,2019,4
공원,금산면,금산면 용아리 707,35.211556,128.154624,2020,12
방범,금곡면,중천리 1175-21,35.211473,128.155444,2020,3
공원,금산면,장사리 516,35.22131,128.13013,2021,2
공원,금산면,장사리 516,35.21388,128.15561,2022,2
공원,금산면,장사리 516,35.2137,128.15551,2021,2
공원,금산면,장사리 516,35.21354,128.15688,2021,2
스마트정류장,금산면,금산면 중천리 234-4,35.21321,128.1584,2021,2
스마트폴,금산면,금산면 장사리 515,35.214736,128.145711,2022,1
스마트폴,금산면,금산면 장사리 510,35.21378,128.15501,2022,1
방범,상대동,상대동 311-14 ,35.21356,128.15675,2022,2
스마트폴,금산면,금산면 용아리 707,35.178761,128.114901,2017,2
방범,금산면,금산면 중천리 272-8 ,35.21127,128.15486,2022,5
방범,금산면,금산면 가방리 964-1 ,35.216872,128.140088,2022,2
방범,금산면 ,금산면 용아리 205-1 ,35.229127,128.152496,2023,3
방범,금산면 ,금산면 중천리 1026 ,35.201294,128.173867,2023,2
방범,내동면,내동면 독산리 516-14,35.214782,128.132945,2023,2
어린이보호구역,내동면,내동면 독산리 568-4,35.162203,128.064005,2018,4
어린이보호구역,내동면,내동면 독산리 568-4,35.163919,128.067704,2022,3
도로방범,내동면,내동면 독산리 141-8,35.163253,128.067272,2022,4
방범,내동면,내동면 신율리 474-2,35.158623,128.070001,2015,3
도로방범,내동면,내동면 삼계리 산 202-10,35.15157,128.089759,2019,2
도로방범,내동면,내동면 독산리 756,35.1484,128.0326,2021,2
방범,내동면,내동면 독산리 산 46-2,35.14504,128.06142,2021,2
방범,내동면,내동면독산리산113-3,35.14746,128.06297,2021,4
도로방범,내동면,내동면 내평리 811-1,35.131074,128.052182,2021,3
방범,내동면, 내동면 독산리 523-6,35.139562,128.005712,2022,1
방범,내동면,내동면 독산리 523-18,35.165874,128.066697,2022,2
방범,내동면 ,내동면 삼계리 2-3 ,35.164815,128.06493,2022,2
방범,하대동,하대동 708-2,35.153912,128.051404,2023,1
방범,내동면 ,내동면 삼계리 995-3 ,35.187728,128.108207,2016,3
방범,내동면 ,내동면 유수리 688-4 ,35.137529,128.029611,2023,3
방범,대곡면,대곡면 광석리 314-2,35.13237,128.018472,2023,2
방범,대곡면,대곡면 단목리 1023-5 ,35.262,128.168354,2016,2
어린이보호구역,대곡면,대곡면 와룡리 591,35.253408,128.148629,2017,3
방범,하대동,하대동 103-82,35.256695,128.177922,2022,2
방범,하대동,하대동 103-2,35.190019,128.124713,2018,3
어린이보호구역,대곡면,대곡면 와룡리 591,35.189119,128.122547,2018,3
도로방범,대곡면,대곡면 와룡리 57-1 ,35.257046,128.17695,2022,2
방범,대곡면,대곡면 광석리 651-2,35.258205,128.183327,2017,3
도로방범,대곡면,대곡면 단목리 897-2(단목리 1694-14),35.289946,128.165188,2019,3
도로방범,대곡면,대곡면 마진리 538-1,35.25357,128.14881,2021,3
방범,대곡면,대곡면 덕곡리 483-20,35.21802,128.214989,2021,2
방범,상평동,상평동 240-6,35.227339,128.194804,2021,1
감응신호,대곡면,대곡면 유곡리산 24-9,35.169998,128.110225,2015,1
방범,상평동,상평동 240-8,35.261083,128.157464,2022,1
도로방범,대곡면,대곡면 유곡리 265,35.169618,128.110227,2015,4
방범,대곡면,대곡면 덕곡리 356-2 ,35.264062,128.155777,2022,2
방범,대평면,대평면 대평리 509,35.234544,128.196888,2023,4
방범,대평면,대평면 대평리 510,35.233924,127.95965,2022,1
방범,대평면,대평면 당촌리 1317-1,35.233185,127.960295,2022,2
방범,대평면,대평면 대평리 537-5,35.1881,127.96747,2018,2
방범,대평면,대평면 대평리 297,35.231432,127.968733,2021,3
도로방범,대평면,대평면 대평리 603-1,35.230014,127.962497,2022,3
방범,대평면,대평면 내촌리 743-2 ,35.160813,127.988881,2023,3
어린이보호구역,명석면,명석면 관지리 668-2,35.253689,128.040612,2022,5
어린이보호구역,명석면,명석면 우수리 109,35.217836,128.040791,2022,3
방범,명석면,명석면 우수리 721-1,35.215906,128.040954,2019,3
도로방범,명석면,명석면 오미리 산 234-2,35.24052,127.98629,2021,2
도로방범,명석면,명석면 계원리 291-7,35.26741,128.04419,2021,2
도로방범,명석면,명석면 계원리 291-7,35.26741,128.04419,2021,1
어린이보호구역,초장동,장재동 582,35.217003,128.102602,2022,1
방범,명석면,명석면 우수리 705-1,35.216726,128.031017,2021,3
방범,명석면,명석면 왕지리 208,35.23863,128.052573,2022,4
방범,명석면,명석면 남성리 553-4 ,35.267764,128.050181,2023,2
방범,초장동,장재동 387-19 ,35.209809,128.101809,2018,2
어린이보호구역,문산읍,문산읍 소문리 114-13,35.170544,128.168946,2022,4
어린이보호구역,문산읍,문산읍 소문리 114-13,35.1712574,128.1689434,2022,4
어린이보호구역,문산읍,문산읍 소문리 225,35.171181,128.161557,2022,3
어린이보호구역,문산읍,문산읍 소문리 225,35.170672,128.163156,2022,4
어린이보호구역,문산읍,문산읍 소문리 225,35.170541,128.163655,2022,3
어린이보호구역,문산읍,문산읍 삼곡리 706,35.164735,128.164891,2022,1
어린이보호구역,문산읍,문산읍 삼곡리 706,35.164544,128.167527,2022,3
어린이보호구역,문산읍,문산읍 삼곡리 706,35.164333,128.167236,2022,4
도로방범,문산읍,문산읍 삼곡리 1182-56,35.167356,128.162856,2015,1
도로방범,문산읍,문산읍 옥산리 769-1(옥산리825),35.16023,128.150895,2019,4
도로방범,문산읍,문산읍 삼곡리 980-2,35.158795,128.16398,2019,4
방범,평거동,평거동 960 ,35.168808,128.061353,2018,3
방범,문산읍,문산읍 소문리 124,35.170184,128.167052,2019,4
방범,문산읍,문산읍 삼곡리 1664-3,35.160203,128.171567,2019,3
방범,문산읍,문산읍 삼곡리 1104-2,35.160159,128.164394,2019,1
도로방범,문산읍,문산읍 상문리 208-3,35.16711,128.19487,2021,2
공원,문산읍,삼곡리640-7,35.167548,128.166276,2022,2
방범,문산읍,문산읍 갈곡리 656-38,35.145869,128.211425,2021,3
방범,신안동,신안동 28-3,35.183188,128.072345,2018,2
도로방범,문산읍,문산읍 소문리 153-34,35.17068,128.165091,2022,5
방범,문산읍,문산읍 소문리 114-8 ,35.17051,128.168178,2023,2
방범,문산읍,문산읍 소문리 153-86 ,35.171241,128.164536,2023,2
방범,문산읍,문산읍 삼곡리 585-4 ,35.170186,128.169649,2023,3
방범,문산읍,문산읍 안전리 805-4 ,35.136429,128.190723,2023,3
방범,문산읍,문산읍 옥산리 1236-4 ,35.157596,128.136505,2023,3
어린이보호구역,미천면,미천면 안간리 797-5,35.318039,128.088786,2022,3
어린이보호구역,미천면,미천면 안간리 797-5,35.318344,128.089817,2022,2
방범,미천면,미천면 오방로725,35.299135,128.116178,2019,3
방범,미천면,미천면 반지리 288-2,35.271875,128.11458,2019,2
도로방범,미천면,미천면 향양리 585-9,35.28983,128.10571,2021,2
도로방범,미천면,미천면 어옥리 188-3,35.29726,128.14766,2021,2
방범,미천면,안간리 1297,35.305615,128.078849,2021,2
방범,미천면,미천면 벌당리 73-4 ,35.283446,128.122521,2023,2
방범,미천면,미천면 어옥리 676-2,35.302487,128.135197,2023,2
방범,사봉면,사봉면 봉곡리 627-38,35.196625,128.291509,2016,2
방범,사봉면,사봉면 마성리 459 ,35.218456,128.236834,2019,3
방범,이현동,이현동 12-1,35.191937,128.060809,2018,4
어린이보호구역,사봉면,사봉면 사곡리 993-1,35.187693,128.269577,2022,4
어린이보호구역,사봉면,사봉면 사곡리 1003,35.1871637,128.2681006,2022,1
방범,사봉면,사봉면 사곡리 1176-2,35.239554,128.085596,2019,3
방범,이현동,이현동 241-8,35.186354,128.06085,2016,2
방범,사봉면,사봉면 부계리 854-1,35.212227,128.310063,2021,2
방범,사봉면,사봉면 부계리 619-4,35.189027,128.312154,2022,3
방범,사봉면,사봉면 마성리 1074-12 ,35.204212,128.236327,2023,3
방범,사봉면,사봉면 방촌리 552-3 ,35.198207,128.252839,2023,2
방범,사봉면,사봉면 무촌리 278-1 ,35.178028,128.270546,2023,2
방범,상대동,상대동 200-28,35.184925,128.114404,2018,4
방범,상대동,상대동 274-8 ,35.180929,128.109496,2022,5
방범,상대동,상대동 239-8,35.183587,128.113293,2017,4
방범,상대동,상대동 272-23,35.182609,128.110654,2018,4
방범,판문동,판문동 269-48,35.167595,128.047067,2018,3
방범,상대동,상대동 248-37,35.181902,128.111879,2016,4
방범,상대동,상대동 515-7,35.18679,128.110237,2016,2
방범,판문동,판문동 146-1,35.175522,128.04038,2017,2
방범,상대동,상대동 303-45 ,35.1800391,128.1148607,2023,2
방범,상대동,상대동 308-57 ,35.180941,128.114813,2022,1
방범,상대동,상대동  301-83,35.177577,128.115012,2017,4
공원,가호동,가좌동 산 88-7,35.166314,128.104843,2022,1
방범,상대동,상대동 302-27,35.179438,128.113701,2021,3
방범,상대동,상대동 305-24,35.181856,128.114727,2022,5
방범,상대동,상대동 204-1,35.184867,128.116802,2021,2
방범,상대동,상대동 196-13,35.185777,128.115772,2023,4
방범,상대동,상대동 329-6,35.184229,128.118534,2016,2
어린이보호구역,가호동,가호동 662-2 ,35.163179,128.111243,2022,2
방범,상대동,상대동 33-18 ,35.182551,128.125183,2017,2
방범,상대동,상대동 286-29,35.18097,128.105905,2017,2
방범,상대동,상대동 306-38,35.183228,128.115838,2017,2
방범,상대동,상대동 293-7 ,35.180725,128.102845,2018,3
방범,상대동,상대동 311-14 ,35.178793,128.114938,2018,2
방범,상대동,상대동 296-77 ,35.17847,128.10337,2019,2
방범,상대동,상대동 300-48 ,35.178745,128.111952,2018,3
방범,상대동,상대동 275-3 ,35.18114,128.110509,2019,3
방범,상대동,상대동 311-51,35.177875,128.116662,2019,2
방범,가호동,호탄동 627-1,35.163408,128.116967,2017,1
교통관리,상대동,상대동 296-84,35.179238,128.102082,2012,3
어린이보호구역,상대동,상대동 645-9,35.182703,128.109236,2020,2
어린이보호구역,상대동,상대동 645-9,35.182555,128.107595,2020,2
어린이보호구역,상대동,상대동 645-9,35.183756,128.110161,2020,3
어린이보호구역,상대동,상대동 645-9,35.184407,128.109164,2020,2
어린이보호구역,상대동,상대동 33-106,35.181197,128.120041,2022,4
도로방범,상대동,상대동 312-13,35.178693,128.11768,2015,3
도로방범,상대동,상대동 325 ,35.184171,128.112032,2017,2
방범,상대동,상대동 298-1 ,35.179678,128.110166,2017,1
도로방범,상대동,상대동 328-14 ,35.182101,128.117523,2019,4
도로방범,상대동,상대동 734-14,35.18153,128.101664,2019,2
방범,상대동,상대동 734-22,35.181315,128.101298,2019,2
방범,상대동,상대동 282-14,35.181756,128.10775,2019,2
방범,상대동,상대동 191,35.187409,128.119204,2019,2
방범,상대동,상대동 244-22,35.182698,128.112814,2019,2
방범,상대동,상대동 291-4,35.180126,128.104386,2019,2
방범,상대동,상대동 284,35.179792,128.109016,2020,2
방범,상대동,상대동 511-3,35.18842,128.11431,2020,2
산단관리,상대동,상대동33-121,35.184106,128.125256,2020,1
산단관리,상대동,상대동 33-172,35.184106,128.125256,2020,3
산단관리,상대동,상대동 33-12,35.184236,128.12784,2020,2
방범,상대동,상대동 402-4,35.185283,128.112534,2021,3
스마트정류장,상대동,상대동 332-19,35.179645,128.108564,2022,2
스마트정류장,상대동,상대동 334-1,35.179751,128.112204,2022,2
방범,상대동,상대동284,35.17973,128.10948,2022,2
공원,상대동,상대1동 848,35.190737,128.09912,2022,2
방범,정촌면,정촌면 예하리 756-2,35.121327,128.094702,2014,2
방범,상대동,상대동 615-14,35.183637,128.107799,2022,3
방범,상대동,상대동 532 ,35.185525,128.110542,2023,2
방범,금곡면,금곡면 두문리 806-1,35.082441,128.186798,2019,2
방범,상대동,상대동 296-28,35.178682,128.10373,2023,2
방범,상대동,상대동 301-25,35.178094,128.113176,2023,4
방범,상봉동,상봉동 1432-6 ,35.19943,128.068273,2016,3
방범,상봉동,상봉동 744-16 ,35.200992,128.067621,2022,4
방범,사봉면,사봉면 봉곡리 1004-3 ,35.199302,128.27805,2017,2
방범,사봉면,사봉면 사곡리 1169-2 ,35.186888,128.262202,2019,2
방범,상봉동,상봉동 1016-9,35.198747,128.076989,2017,4
방범,상봉동,상봉동 1010-2,35.198508,128.076231,2019,3
방범,상봉동,상봉동 745-3,35.200518,128.067166,2023,2
방범,상봉동,상봉동 832-4,35.199878,128.067792,2023,2
방범,상봉동,상봉동 1104-6,35.1967,128.068469,2016,3
방범,금산면,금산면 중천리 413-5 ,35.214156,128.142594,2018,2
방범,상봉동,상봉동 857-17,35.198198,128.078102,2016,4
방범,상봉동,상봉동 1022-6,35.201262,128.074015,2017,2
방범,상봉동,상봉동 848-9 ,35.198154,128.074103,2017,4
방범,상봉동,상봉동 812-28 ,35.198089,128.078306,2017,2
방범,미천면,미천면 안간리 산 189-1,35.309938,128.088907,2016,2
방범,명석면,명석면 용산리 21-10,35.219983,128.030578,2016,2
방범,명석면,명석면 계원리 62-5,35.278622,128.03578,2017,2
방범,명석면,명석면 오미리 379-4,35.256068,127.995194,2019,3
방범,상봉동,상봉동 1066-9 ,35.196784,128.072839,2017,2
방범,상봉동,상봉동 1422-11 ,35.201386,128.074694,2017,2
방범,상봉동,상봉동 925-2 ,35.199444,128.079614,2018,2
방범,상봉동,상봉동 1102-37 ,35.195795,128.069443,2018,2
방범,상봉동,상봉동 1065-10 ,35.197703,128.073608,2018,4
공원,중앙동,옥봉동 860,35.191483,128.100455,2022,3
방범,상봉동,상봉동 588-3 ,35.205266,128.074402,2019,3
방범,상봉동,상봉동 1451-14,35.201969,128.072423,2019,2
방범,상봉동,상봉동 1038-1,35.19836,128.07522,2019,2
방범,상봉동,상봉동 1451-1,35.202622,128.072858,2019,2
방범,상봉동,상봉동 806-48,35.198288,128.069067,2019,2
방범,상봉동,상봉동 1053-1,35.196857,128.075645,2019,3
공원,상봉동,상봉동 1452 ,35.202056,128.073921,2022,4
공원,상봉동,상봉동  831-1 ,35.202056,128.073921,2019,1
어린이보호구역,상봉동,상봉동 756-22,35.199893,128.069122,2021,1
공원,상평동,상평동 221-8,35.175855,128.108252,2022,1
어린이보호구역,상봉동,진주시 상봉동 815-1,35.199832,128.070604,2021,3
공원,상평동,상평동 221-8,35.175612,128.104586,2022,2
어린이보호구역,상봉동,진주시 상봉동 786-1,35.200076,128.071464,2021,2
어린이보호구역,상봉동,진주시 상봉동 812-17,35.199451,128.071709,2021,2
어린이보호구역,상봉동,상봉동 1075-2,35.19744,128.071258,2022,5
도로방범,상봉동,상봉동 839-2,35.199836,128.07691,2015,1
공원,초장동,초전동 1634-3,35.206903,128.115084,2022,2
방범,상봉동,상봉동 896-6,35.200123,128.078589,2019,2
방범,상봉동,상봉동 813-20,35.20015,128.07305,2019,4
방범,상봉동,상봉동 1093-34,35.196664,128.070258,2019,4
스마트폴,상봉동,상봉동 1452,35.20173,128.07369,2022,2
도로방범,상봉동,상봉동 741-1 ,35.202559,128.067815,2022,4
방범,상봉동,상봉동 1031-1,35.199163,128.074457,2022,6
방범,상봉동,상봉동 916-7,35.198975,128.080392,2022,3
방범,상봉동,상봉동 1451-34,35.201978,128.073451,2022,2
방범,상봉동,상봉동 987-4 ,35.199162,128.082047,2023,2
교통관리,상봉동,상봉동 1019-21,35.199472,128.075427,2023,4
방범,상봉동,상봉동 833-2 ,35.19868,128.067231,2023,3
방범,상평동,상평동 269-114,35.17629,128.104533,2017,4
방범,상평동,상평동 206-9,35.169933,128.112741,2018,4
방범,상평동,상평동 221-33 ,35.176388,128.109727,2021,2
방범,상평동,상평동 240-7,35.169812,128.1105,2023,2
방범,상평동,상평동 207-10,35.17061,128.113968,2016,2
방범,상평동,상평동 202-7,35.173396,128.113006,2016,4
공원,신안동,신안동 710-3,35.177036,128.067824,2022,2
방범,상평동,상평동 256-2,35.16849,128.114939,2016,1
방범,상평동,상평동 266-23,35.173281,128.107261,2016,2
방범,상평동,상평동 206-10,35.16996,128.11362,2016,2
방범,상평동,상평동 197-43,35.176683,128.115138,2017,2
방범,상평동,상평동 55,35.177967,128.120262,2017,2
방범,상평동,상평동 234-3 ,35.17094,128.107427,2017,2
방범,상평동,상평동 218-5,35.178585,128.110402,2018,2
방범,상평동,상평동 167-4 ,35.169946,128.116849,2018,2
방범,상평동,상평동 220-16 ,35.177403,128.108285,2019,2
공원,상평동,상평동 221-8,35.17594,128.108356,2022,4
방범,가호동,가좌동 453-6,35.156577,128.108331,2017,2
공원,상평동,상평동 221-8,35.175502,128.105215,2022,4
공원,상평동,상평동 313-1,35.173072,128.124387,2022,3
어린이보호구역,상평동,상평동 278-1,35.175038,128.102107,2021,2
어린이보호구역,상평동,상평동 278-1,35.174051,128.102065,2021,3
방범,가호동,가좌동 1267-2,35.160557,128.095994,2015,2
어린이보호구역,상평동,상평동 278-1,35.173763,128.100537,2021,2
어린이보호구역,상평동,상평동 278-1,35.172787,128.101407,2021,2
어린이보호구역,상평동,상평동 278-1,35.174881,128.100082,2021,1
도로방범,상평동,상평동 218-1,35.177611,128.111218,2015,1
도로방범,상평동,상평동 270-37 ,35.177999,128.107009,2017,2
방범,가호동,가좌동 1429-1,35.163289,128.104922,2016,2
도로방범,상평동,상평동 198-43 ,35.176612,128.112502,2018,2
도로방범,상평동,상평동 156-4 ,35.17386,128.117747,2019,4
도로방범,상평동,상평동 195-1 ,35.175744,128.117071,2019,2
도로방범,상평동,상평동 55-41,35.174712,128.128501,2020,2
방범,상평동,상평동 160-2,35.170248,128.121028,2019,4
방범,상평동,상평동 279-15,35.174127,128.104664,2019,4
방범,상평동,상평동 309-1,35.171745,128.123278,2019,2
방범,상평동,상평동 55-48,35.174411,128.125736,2019,3
방범,상평동,상평동 159-3,35.170132,128.119286,2019,4
산단관리,상평동,상대동 33-18,35.182796,128.125179,2019,5
산단관리,상평동,상대동 33-90,35.182621,128.128131,2019,4
산단관리,상평동,상대동 33-180,35.178315,128.128402,2019,5
산단관리,상평동,상대동 33-180,35.178436,128.125489,2019,4
산단관리,상평동,상평동 55-14,35.177047,128.120307,2019,5
산단관리,상평동,상대동 33-125,35.179051,128.120348,2019,4
산단관리,상평동,상평동 234-16,35.171885,128.105174,2019,4
산단관리,상평동,상평동 235-2,35.171692,128.107476,2019,5
산단관리,상평동,상평동 224-2,35.17188,128.110096,2019,4
산단관리,상평동,상평동 203-24,35.172058,128.112719,2019,4
산단관리,상평동,상평동 202-13,35.17234,128.115397,2019,4
산단관리,상평동,상평동 194-13,35.174314,128.115214,2019,5
공원,충무공동,충무공동 224,35.17857,128.142151,2022,3
산단관리,상평동,상평동 215-22,35.174349,128.112267,2019,4
산단관리,상평동,상평동 223-2,35.174216,128.109555,2019,5
산단관리,상평동,상평동 267-9,35.174258,128.107294,2019,2
산단관리,상평동,상평동 155-21,35.174656,128.118368,2019,2
산단관리,상평동,상평동 155-4,35.174858,128.12043,2019,3
산단관리,상평동,상평동 157-4,35.172503,128.120274,2019,3
산단관리,상평동,상평동 158-13,35.172425,128.118181,2019,1
산단관리,상평동,상평동 314-9,35.17254,128.124809,2019,3
산단관리,상평동,상평동 55-40,35.170249,128.120494,2019,2
산단관리,상평동,상평동 205-24,35.170085,128.115494,2019,3
산단관리,상평동,상평동 245-6,35.169446,128.111559,2019,4
산단관리,상평동,상평동 232-1,35.170174,128.106616,2019,4
산단관리,상평동,상평동 55-54,35.176359,128.128144,2020,3
산단관리,상평동,상평동 278-6,35.172641,128.099948,2020,3
방범,상평동,상평동 371-1,35.174039,128.12802,2020,3
방범,상평동,상평동 553-10,35.167855,128.115766,2020,3
방범,상평동,상평동 478-9,35.168749,128.120585,2020,3
교통관리,평거동,평거동 602-9,35.168568,128.064792,2013,5
방범,상평동,상평동 1067-183,35.17838,128.13017,2021,2
방범,상평동,상평동 166-6,35.17007,128.11743,2021,2
스마트폴,상평동,상평동 221-8,35.17556,128.10805,2022,2
방범,상평동,상평동 274-1 ,35.176029,128.101911,2023,3
방범,상평동,상평동 257-2 ,35.168787,128.114676,2023,2
방범,성북동,진주시 인사동 131-93,35.192706,128.075387,2018,2
방범,성북동,성북동 120-16 ,35.19222,128.075368,2023,4
방범,성북동,성북동 467-9 ,35.192929,128.074584,2022,2
방범,성북동,본성동 6-1,35.191339,128.08271,2018,2
교통관리,충무공동,충무공동 42,35.176265,128.135291,2014,2
방범,성북동,상봉동 1004-26,35.1968,128.077686,2022,4
방범,성북동,인사동 189-17,35.19211,128.069802,2016,3
방범,성북동,인사동 146-26,35.19213,128.073179,2016,2
교통관리,충무공동,충무공동 161,35.164018,128.126796,2018,3
교통관리,충무공동,충무공동 41,35.17633,128.131963,2019,5
교통관리,충무공동,충무공동 286,35.176182,128.144912,2018,4
교통관리,정촌면,정촌면 예하리 1280-5,35.12949,128.099474,2014,4
방범,성북동,계동 121-1,35.196061,128.08105,2016,2
방범,성북동,인사동 186-30,35.191169,128.070221,2016,3
어린이보호구역,천전동,망경동 490,35.17895,128.084692,2021,2
어린이보호구역,천전동,망경동 490,35.180036,128.084148,2021,2
방범,성북동,봉곡동 479-13 ,35.192565,128.0719,2017,2
방범,성북동,평안동 219 ,35.19598,128.082147,2017,2
방범,성북동,인사동 150-1,35.191331,128.073556,2017,3
어린이보호구역,천전동,칠암동 237-2,35.186638,128.089485,2021,2
방범,성북동,본성동 2-14,35.191963,128.082398,2017,2
방범,성북동,계동 22 ,35.197462,128.080537,2018,2
방범,성북동,인사동 161-7 ,35.188986,128.073648,2018,3
방범,성북동,상봉동 1003-1 ,35.19797,128.079722,2019,2
어린이보호구역,천전동,주약동 360-12,35.173246,128.092671,2021,2
어린이보호구역,성북동,봉곡동 465-1,35.193534,128.074513,2022,4
어린이보호구역,성북동,봉곡동 465-3,35.194004,128.075751,2022,2
어린이보호구역,천전동,천전동 342-4 ,35.172908,128.091094,2021,2
어린이보호구역,성북동,봉곡동 465-4,35.194451,128.07414,2022,3
어린이보호구역,성북동,봉곡동 465-1,35.193374,128.074163,2022,3
어린이보호구역,성북동,봉곡동 465-2,35.193762,128.074914,2022,1
어린이보호구역,성북동,봉곡동 465-2,35.194679,128.074724,2022,1
어린이보호구역,성북동,봉곡동 465-3,35.194493,128.073699,2022,1
어린이보호구역,성북동,인사동 1-25,35.192158,128.079137,2020,4
어린이보호구역,성북동,인사동 1-27,35.192045,128.078786,2020,1
어린이보호구역,성북동,인사동 1-29,35.19309,128.077626,2020,3
도로방범,성북동,계동 35-1,35.196753,128.080315,2016,3
어린이보호구역,성북동,인사동 1-26,35.193054,128.079048,2020,1
도로방범,성북동,인사동 143-24 ,35.190126,128.074458,2017,4
어린이보호구역,성북동,인사동 1-28,35.192481,128.077936,2020,1
도로방범,성북동,봉곡동 476-4 ,35.194281,128.071516,2018,4
도로방범,성북동,남성동 1-8 ,35.191456,128.07903,2019,2
방범,성북동,봉곡동 474-35,35.195472,128.072204,2019,3
방범,성북동,봉곡동 478-16,35.193729,128.072737,2019,4
어린이보호구역,중앙동,봉래동 27-5,35.199181,128.088078,2021,2
방범,성북동,인사동 137-18,35.191016,128.075856,2019,3
방범,성북동,중안동 202 ,35.193848,128.079399,2019,2
방범,성북동,인사동 143-132,35.191147,128.07409,2019,4
방범,성북동,인사동 191-11,35.191443,128.070994,2019,3
어린이보호구역,상봉동,상봉동 801-1,35.199884,128.071528,2021,1
방범,성북동,봉곡동 19-11,35.193973,128.077963,2019,2
방범,성북동,봉곡동 18-1,35.19512,128.078279,2019,2
방범,성북동,인사동 5-5,35.193095,128.077017,2019,3
방범,성북동,인사동 189-9,35.192984,128.07,2020,2
방범,성북동,본성동 12-16,35.191445,128.080669,2020,2
방범,성북동,중안동 109,35.19464,128.08055,2021,4
어린이보호구역,상대동,상대동 645-9,35.183581,128.108281,2020,1
방범,성북동,봉곡동 24-4,35.19648,128.07628,2021,2
어린이보호구역,상대동,상대동 33-106,35.181339,128.119993,2022,1
스마트폴,성북동,중안동 12-13,35.192683,128.082809,2022,1
스마트폴,성북동,중안동 10,35.192687,128.081192,2022,2
스마트폴,성북동,중안동 15-16,35.192467,128.080437,2022,1
스마트폴,성북동,남성동1-12,35.19102,128.079206,2022,1
스마트폴,성북동,인사동1-24,35.193195,128.078995,2022,2
스마트폴,성북동,진주시 본성동 3-13,35.191225,128.081855,2022,2
방범,성북동,봉곡동 470-6,35.19414,128.073227,2022,3
방범,성북동,봉곡동 483-7,35.193176,128.071114,2022,2
방범,성북동,인사동 196-8,35.190638,128.072609,2022,3
방범,성북동,중안동 162 ,35.194719,128.079287,2023,2
방범,성북동,인사동 192-14,35.190489,128.071191,2023,4
방범,성북동,봉곡동 473-7 ,35.195182,128.072634,2023,2
어린이보호구역,수곡면,수곡면 대천리 98-1,35.200683,127.931594,2022,4
어린이보호구역,수곡면,수곡면 대천리 98-1,35.2011831,127.9316202,2022,1
어린이보호구역,하대동,초전동 405-1,35.19409,128.125643,2021,1
방범,수곡면,수곡면 사곡리 582,35.215785,127.922562,2019,2
어린이보호구역,하대동,하대동 119-1,35.186767,128.123857,2020,2
어린이보호구역,하대동,하대동 119-1,35.186531,128.123639,2020,1
어린이보호구역,하대동,하대동 119-1,35.187914,128.124999,2020,1
방범,수곡면,수곡면 창촌리 270-2,35.18186,127.92065,2021,3
도로방범,수곡면,수곡면 사곡리 231-3,35.20808,127.93344,2021,2
어린이보호구역,하대동,하대동 119-1,35.187914,128.124999,2020,2
도로방범,수곡면,수곡면 사곡리 231-3,35.20808,127.93344,2021,1
방범,수곡면,수곡면 대천리 431-11 ,35.197803,127.928957,2023,2
어린이보호구역,상평동,상평동 278-1,35.173888,128.100607,2021,1
방범,수곡면,수곡면 원내리 614-9 ,35.17155,127.951073,2023,3
방범,신안동,신안동 396-41,35.182659,128.063515,2022,5
방범,신안동,신안동 782-20,35.179762,128.062235,2023,3
방범,신안동,신안동 25-18,35.183653,128.072699,2022,4
어린이보호구역,초장동,초전동 1634-1,35.208239,128.113989,2022,2
방범,신안동,신안동 425-2,35.182731,128.066027,2018,2
방범,신안동,신안동 388-8 ,35.183466,128.066608,2021,4
방범,신안동,신안동 3-6,35.190513,128.069615,2022,5
방범,신안동,이현동 92-48,35.183401,128.064877,2023,3
어린이보호구역,초장동,초전동 686-1,35.198471,128.114241,2021,1
어린이보호구역,초장동,초전동 686-1,35.198617,128.115777,2021,2
방범,신안동,신안동 19-25,35.185814,128.071314,2016,2
방범,신안동,신안동 875-2,35.180269,128.055826,2016,1
방범,신안동,신안동 457-8,35.180269,128.055826,2017,2
방범,신안동,신안동 581-8,35.178721,128.064851,2017,3
어린이보호구역,평거동,평거동 748-4,35.174017,128.066357,2020,2
어린이보호구역,평거동,평거동 748-4,35.174209,128.065563,2020,1
방범,신안동,신안동 4-3,35.190066,128.07028,2017,2
방범,신안동,신안동 443-11,35.183612,128.069725,2018,2
방범,신안동,신안동 7-2,35.189027,128.06952,2018,3
어린이보호구역,평거동,평거동 748-4,35.174005,128.064792,2020,1
어린이보호구역,신안동, 신안동 710-2,35.177118,128.067265,2022,3
어린이보호구역,신안동,신안동 707-5,35.177535,128.067197,2020,1
방범,신안동,신안동 460-13,35.179674,128.069857,2018,3
방범,신안동,신안동 705-1,35.177771,128.065264,2018,2
방범,신안동,신안동 724-5,35.176067,128.068951,2018,3
어린이보호구역,신안동,신안동 475,35.183045,128.068438,2021,1
방범,신안동,신안동 33-16,35.180982,128.072604,2019,2
방범,신안동,신안동 15-63,35.186676,128.072773,2019,2
공원,신안동,신안동 705-2,35.177444,128.065587,2022,4
공원,신안동,신안동 451,35.181803,128.068097,2017,3
공원,신안동,신안동 708-2,35.181803,128.068097,2019,2
어린이보호구역,신안동,신안동 454-4,35.181712,128.068058,2021,3
공원,신안동,신안동 707-3 ,35.181803,128.068097,2019,2
교통관리,신안동,신안동 288-1,35.185128,128.075581,2012,4
어린이보호구역,신안동,신안동 380,35.1853,128.068915,2021,2
어린이보호구역,신안동,신안동 380,35.18667,128.068305,2021,3
어린이보호구역,신안동,신안동 710-1,35.176075,128.066446,2020,1
어린이보호구역,신안동,신안동 380,35.184307,128.066864,2021,1
어린이보호구역,신안동,신안동 446-6,35.18315,128.069094,2021,4
어린이보호구역,이현동,이현동 365-2,35.18978,128.056139,2022,2
어린이보호구역,신안동, 신안동 447-1,35.183493,128.068423,2021,1
어린이보호구역,신안동,신안동 475,35.181748,128.069624,2021,1
어린이보호구역,신안동,신안동 475,35.182357,128.069223,2021,1
어린이보호구역,신안동,신안동 475,35.181828,128.068562,2021,2
어린이보호구역,신안동,신안동 475,35.183031,128.068186,2021,2
어린이보호구역,신안동,신안동 710-1,35.175748,128.067683,2020,4
어린이보호구역,판문동,평거동 1065-148,35.1659326,128.0398232,2022,1
어린이보호구역,신안동,신안동 710-1,35.176617,128.068263,2020,3
어린이보호구역,신안동,신안동 710-1,35.176002,128.06687,2020,1
어린이보호구역,판문동,판문동 290,35.167531,128.045402,2022,2
어린이보호구역,신안동,신안동 710-1,35.177681,128.067655,2020,1
어린이보호구역,판문동,판문동 290,35.16836,128.044501,2021,2
주정차단속,신안동,신안동 11-74,35.187739,128.070558,2021,1
도로방범,신안동,신안동 12-24,35.186767,128.069723,2015,1
도로방범,신안동,신안동 26-39 ,35.182922,128.074054,2017,2
도로방범,신안동,신안동 454-3 ,35.180402,128.067505,2019,3
방범,신안동,신안동 469-10,35.178787,128.070591,2019,2
방범,신안동,신안동 766-3,35.178235,128.063142,2019,2
방범,신안동,신안동 463-2,35.179773,128.0685,2019,2
어린이보호구역,판문동,평거동 800,35.168641,128.057996,2014,1
방범,신안동,신안동 892-6,35.178745,128.062753,2019,2
방범,신안동,신안동 819-1,35.178933,128.060714,2019,2
어린이보호구역,판문동,평거동 800,35.169667,128.056489,2014,1
방범,신안동,신안동 465-14,35.178993,128.069704,2019,3
도로방범,가호동,호탄동 산 141-2 ,35.158633,128.119042,2019,1
방범,신안동,신안동 780-21,35.17919,128.062173,2020,2
스마트정류장,신안동,신안동 341,35.180592,128.065856,2022,2
스마트정류장,신안동,신안동 46,35.186333,128.069691,2022,2
스마트폴,신안동,신안동 708-3,35.17744,128.07068,2022,2
도로방범,신안동,남강로 545-7 ,35.186679,128.07403,2022,4
방범,신안동,신안동 30-5,35.182491,128.071759,2022,5
방범,신안동,신안동 724-16,35.175837,128.068602,2022,5
방범,신안동,신안동 461-12,35.179854,128.069145,2022,4
방범,신안동,신안동 892-1,35.179549,128.063154,2022,4
방범,신안동,신안동 16-15 ,35.186782,128.073187,2023,2
어린이보호구역,이반성면,이반성면 하곡리 977,35.172719,128.328001,2022,4
어린이보호구역,이반성면,이반성면 하곡리 977,35.171876,128.327509,2022,3
방범,이반성면,이반성면 발산리 559-3,35.14264,128.342776,2019,2
도로방범,이반성면,이반성면 가산리 566-8,35.153208,128.314279,2019,3
도로방범,이반성면,이반성면 용암리 280-8,35.168146,128.326323,2022,3
도로방범,이반성면,이반성면 용암리 280-8,35.168146,128.326323,2022,2
방범,이반성면,이반성면 장안리 958-1 ,35.193411,128.347094,2023,2
방범,이반성면,이반성면 길성리 573-2,35.139644,128.328749,2023,2
방범,이현동,이현동 296-5,35.187544,128.059534,2022,4
방범,이현동,이현동 22-1,35.191026,128.064106,2021,4
방범,이현동,유곡동 431,35.195179,128.059278,2018,1
방범,이현동,유곡동 435-2,35.195093,128.060156,2018,1
방범,이현동,이현동 87-3,35.180283,128.055842,2016,1
방범,이현동,이현동 102-42,35.185478,128.064961,2017,2
어린이보호구역,내동면,내동면 독산리 568-4,35.165445,128.067251,2022,2
방범,이현동,이현동 115-37,35.184245,128.063236,2017,2
어린이보호구역,정촌면,정촌면 관봉리 1150,35.136469,128.14287,2022,1
방범,이현동,이현동 14-14 ,35.192706,128.062352,2017,2
방범,이현동,이현동 7-6  ,35.192087,128.057375,2018,2
방범,이현동,유곡동 22-1,35.195234,128.06748,2018,3
방범,이현동,이현동 31-1 ,35.192001,128.067484,2018,2
방범,이현동,이현동 98-5 ,35.187282,128.06421,2018,2
방범,이현동,이현동 101-23,35.185851,128.062556,2019,3
공원,이현동,이현동 1196 ,35.202056,128.073921,2017,3
어린이보호구역,이현동,이현동 365-2,35.188976,128.056566,2022,4
어린이보호구역,이현동,이현동 365-2,35.1876153,128.0566084,2022,3
어린이보호구역,이현동,이현동 25-1,35.190334,128.062904,2021,2
어린이보호구역,진성면,진성면 상촌리 541-2,35.16931,128.22478,2022,1
어린이보호구역,이현동,이현동 25-1,35.191839,128.062628,2021,2
어린이보호구역,이현동,이현동 945-1,35.20229,128.047334,2018,2
어린이보호구역,이현동,이현동 14-7,35.193194,128.061917,2018,2
방범,이현동,이현동 15-18,35.192863,128.063948,2019,2
어린이보호구역,이반성면,이반성면 하곡리 977,35.1738872,128.3283055,2022,1
방범,이현동,이현동 526-4,35.194148,128.053882,2019,2
방범,이현동,이현동 115-5,35.185661,128.064159,2019,3
어린이보호구역,사봉면,사봉면 사곡리 496,35.1884746,128.2716572,2022,1
방범,이현동,이현동 29-14,35.190894,128.067347,2020,4
어린이보호구역,사봉면,사봉면 사곡리 990,35.1886784,128.2698736,2022,1
방범,이현동,이현동 102-15,35.18491,128.06489,2021,3
어린이보호구역,지수면,지수면 압사리 1065-1,35.2335265,128.251251,2022,1
어린이보호구역,지수면,지수면 압사리 1065-1,35.230433,128.2510149,2022,1
방범,이현동,유곡동31-2,35.19406,128.06714,2022,1
방범,이현동,유곡동 10-10,35.19641,128.06728,2022,1
어린이보호구역,대곡면,대곡면 와룡리 591,35.257398,128.175495,2022,2
어린이보호구역,금산면,금산면 장사리 585-8,35.219098,128.161144,2022,3
방범,이현동,이현동 813-3,35.205596,128.04929,2021,1
어린이보호구역,금산면,금산면 장사리 585-8,35.218209,128.159509,2022,1
방범,이현동,이현동 235-1,35.187466,128.059563,2022,3
어린이보호구역,금산면,금산면 장사리 524-10,35.215896,128.156073,2022,2
어린이보호구역,금산면,금산면 장사리 524-10,35.216237,128.156797,2022,1
어린이보호구역,금산면,금산면 송백리 556-1,35.20452,128.135004,2022,1
방범,이현동,이현동 11-72 ,35.19789,128.055796,2023,5
어린이보호구역,금산면,금산면 송백리 556-1,35.205257,128.1348,2022,1
어린이보호구역,금산면,금산면 중천리 248-3,35.214507,128.144053,2022,1
방범,이현동,이현동 285-1 ,35.192584,128.062029,2023,2
어린이보호구역,금산면,금산면 중천리 975 ,35.215523,128.144892,2022,2
어린이보호구역,금산면,금산면 중천리 251,35.215931,128.144118,2022,2
방범,일반성면,일반성면 창촌리 751-2,35.173524,128.275164,2016,2
방범,일반성면,일반성면 운천리 883-2,35.173803,128.261315,2018,4
어린이보호구역,금산면,금산면 장사리 961,35.218931,128.142231,2022,2
방범,일반성면,일반성면 창촌리 655-2,35.169868,128.278573,2019,2
어린이보호구역,일반성면,일반성면 개암리 795-1,35.169732,128.286647,2022,4
어린이보호구역,일반성면,일반성면 개암리 805-3,35.168907,128.285996,2022,2
어린이보호구역,일반성면,일반성면 개암리 805-3,35.170122,128.286068,2022,2
어린이보호구역,집현면,집현면 지내리 125,35.241319,128.093399,2022,1
어린이보호구역,집현면,집현면 지내리 125,35.239675,128.092486,2022,2
방범,일반성면,일반성면 창촌리 728-8,35.172726,128.275444,2019,2
방범,일반성면,일반성면 창촌리 46-5,35.171063,128.283277,2019,3
어린이보호구역,미천면,미천면 안간리 797-5,35.317728,128.088044,2022,1
도로방범,일반성면,일반성면 창촌리 729-2,35.171104,128.276715,2022,5
어린이보호구역,명석면,명석면 관지리 668-2,35.2545822,128.0402792,2022,1
어린이보호구역,명석면,명석면 관지리 668-2,35.252552,128.041154,2022,1
방범,일반성면,일반성면 창촌리 593-1 ,35.171773,128.279429,2023,2
어린이보호구역,명석면,명석면 우수리 109,35.218276,128.040735,2022,1
방범,일반성면,일반성면 개암리 223-1 ,35.167355,128.293244,2023,4
어린이보호구역,수곡면,수곡면 대천리 98-1,35.19963,127.931337,2022,1
방범,천전동,강남동 168-2,35.183529,128.086591,2022,2
방범,중앙동,수정동 23-6,35.197092,128.087346,2012,1
방범,상봉동,상봉동 1092-32,35.197469,128.07122,2018,1
방범,하대동,하대동 114-12,35.188388,128.124747,2017,1
공원,상평동,상평동 251-7,35.169543,128.114201,2021,3
방범,초장동,초전동 1426-5,35.207853,128.109716,2012,1
방범,이현동,이현동 21-6,35.191487,128.065766,2022,3
방범,정촌면,정촌면 화개리 1661-1,35.135952,128.096661,2018,2
공원,정촌면,정촌면 예하리 1291-4 ,35.173774,128.131766,2018,2
도로방범,문산읍,문산읍 삼곡리 579-22,35.170895,128.172829,2022,2
주정차단속,천전동,칠암동 490-12,35.178925,128.093951,2019,2
주정차단속,천전동,주약동 777-1,35.174587,128.093146,2021,1
주정차단속,천전동,주약동 407-4,35.174377,128.09621,2021,1
주정차단속,중앙동,대안동 5-5,35.195581,128.08372,2019,2
주정차단속,중앙동,장대동 63-5,35.194256,128.088109,2021,2
주정차단속,중앙동,장대동 99-2,35.191524,128.088025,2021,1
주정차단속,중앙동,장대동 100-2,35.191483,128.088297,2019,3
주정차단속,중앙동,평안동 195,35.197294,128.082766,2021,1
주정차단속,상대동,상대동 300-39,35.17962,128.110838,2019,2
주정차단속,상대동,상대동 181-1,35.192352,128.116764,2021,1
주정차단속,상대동,상대동 306-32,35.183625,128.11735,2021,1
주정차단속,하대동,하대동 106-1,35.189119,128.122547,2019,3
주정차단속,하대동,하대동 301-18,35.192886,128.11664,2021,1
주정차단속,상평동,상평동 283-1,35.170635,128.102964,2021,1
주정차단속,평거동,평거동 207,35.173089,128.060103,2021,1
주정차단속,평거동,평거동 1041,35.170519,128.061168,2018,3
주정차단속,신안동,신안동 417-97,35.180458,128.065028,2019,3
어린이보호구역,정촌면,정촌면 관봉리 1150,35.136233,128.143816,2022,3
주정차단속,판문동,평거동 530-51,35.166438,128.054447,2021,1
주정차단속,충무공동,충무공동 286,35.176181,128.145351,2021,1
주정차단속,충무공동,충무공동 231,35.176896,128.148493,2017,1
주정차단속,충무공동,충무공동 13,35.180876,128.138887,2017,4
주정차단속,충무공동,충무공동 37,35.179269,128.139057,2017,1
주정차단속,충무공동,충무공동 33,35.179251,128.140105,2017,4
재난화재,성북동,인사동 181-36,35.189896,128.071846,2015,1
재난화재,중앙동,칠암동 478-1,35.190231,128.091388,2015,1
재난화재,상대동,상대동 296-98,35.178142,128.100628,2015,1
재난화재,상대동,상대동 896-2,35.18047,128.129797,2011,1
재난화재,하대동,하대동 110,35.184431,128.127059,2017,1
재난화재,상평동,상평동 1067-240,35.178622,128.130114,2011,1
재난화재,초장동,초전동 1583-20,35.195251,128.128065,2015,1
재난화재,이현동,이현동 17-3,35.192892,128.065939,2015,1
재난화재,문산읍,문산읍 삼곡리 1311-4,35.164745,128.157695,2015,1
재난화재,문산읍,문산읍 상문리 325-5,35.191323,128.194645,2017,2
재난화재,금곡면,금곡면 두문리 1126-80,35.098584,128.190469,2015,1
재난화재,금곡면,금곡면 정자리 117-4,35.122709,128.187382,2016,1
재난화재,사봉면,사봉면 1380-3,35.182424,128.258229,2016,1
재난화재,금산면,금산면 가방리 1213-14,35.235532,128.148245,2008,3
재난화재,집현면,집현면 장흥리 431-2,35.233438,128.102825,2005,1
재난화재,명석면,명석면 관지리 336-2,35.220824,128.041934,2007,1
재난화재,명석면,명석면 덕곡리 산1,35.276556,128.021785,2017,2
재난화재,수곡면,수곡면 원외리 644-3,35.165442,127.940417,2016,1
재난화재,수곡면,수곡면 원내리 57-32,35.16543,127.959387,2016,1
어린이보호구역,정촌면,정촌면 관봉리 1150,35.136182,128.144561,2022,3
어린이보호구역,정촌면,정촌면 예하리 1294 ,35.124938,128.098454,2019,2
어린이보호구역,정촌면,정촌면 예하리 1294 ,35.125067,128.099444,2019,3
방범,정촌면,정촌면 예하리 1275-5,35.131924,128.100124,2019,2
방범,정촌면,정촌면 화개리 343-17,35.140661,128.101715,2019,3
방범,정촌면,정촌면 화개리 1777-6 ,35.141408,128.098385,2019,3
도로방범,천전동,칠암동 531-1 ,35.181887,128.096464,2019,2
산단관리,정촌면,정촌면 예하리 1241-1,35.127356,128.104957,2019,2
도로방범,성북동,인사동 1-25,35.196753,128.080315,2016,4
산단관리,정촌면,정촌면 예하리 1241-6,35.124351,128.103711,2019,2
산단관리,정촌면,정촌면 예하리 1249-7,35.119276,128.100202,2019,2
산단관리,정촌면,정촌면 예하리 1247-2,35.116944,128.103349,2019,2
도로방범,성북동,중앙동 1-13 ,35.195278,128.08242,2018,3
산단관리,정촌면,정촌면 예하리 1247-1,35.117558,128.102199,2019,2
도로방범,중앙동,옥봉동 879-2 ,35.189122,128.09373,2020,2
도로방범,중앙동,옥봉동 890-9 ,35.186837,128.096392,2020,2
방범,중앙동,장대동 130-2,35.19338,128.087846,2015,1
산단관리,정촌면,정촌면 예하리 1245,35.119605,128.103528,2019,2
산단관리,정촌면,정촌면 예하리 1240-4,35.123133,128.106945,2019,6
산단관리,정촌면,정촌면 예하리 1239-1,35.125267,128.10766,2019,2
산단관리,정촌면,정촌면 예하리 1244-4,35.18105,128.140423,2020,4
도로방범,정촌면,정촌면 화개리 664,35.13464,128.11455,2021,2
도로방범,정촌면,정촌면 관봉리 671,35.11964,128.14099,2021,2
산단관리,정촌면,정촌면 예하리 1367-2,35.116422,128.096727,2020,4
산단관리,정촌면,정촌면 예하리 1372-4,35.115304,128.096965,2020,4
산단관리,정촌면,정촌면 예하리 1406-3,35.113801,128.109278,2020,3
산단관리,정촌면,정촌면 예하리 1401-9,35.113563,128.105137,2020,4
산단관리,정촌면,정촌면 예하리 1406-7,35.112281,128.108087,2020,3
도로방범,하대동,하대동 하대로110,35.193246,128.123695,2021,2
산단관리,정촌면,정촌면 예하리 1407-10,35.112308,128.10545,2020,4
산단관리,정촌면,정촌면 예하리 1393-7,35.11207,128.103974,2020,4
산단관리,정촌면,정촌면 예하리 1393-9,35.112363,128.101665,2020,3
산단관리,정촌면, 정촌면 예하리 1411-3,35.111392,128.105843,2020,4
산단관리,정촌면,정촌면 예하리 1416,35.10934,128.11057,2020,3
산단관리,정촌면,정촌면 예하리 1389-3,35.108955,128.104432,2020,4
스마트폴,정촌면,정촌면 예하리 911-11,35.11352,128.09403,2022,1
스마트폴,정촌면,정촌면 예하리 911-11,35.11261,128.09581,2022,1
도로방범,정촌면,정촌면 예하리 1291-1,35.171104,128.276715,2022,4
도로방범,정촌면,정촌면 소곡리 217-1,35.121855,128.123443,2022,4
공원,정촌면,정촌면 예하리 1319,35.1248,128.100287,2023,3
공원,정촌면,정촌면 예하리 1350,35.1246,128.100777,2023,3
방범,정촌면,정촌면 관봉리 966-13 ,35.124918,128.144266,2023,3
도로방범,초장동,초전동 1047 ,35.199233,128.116451,2019,4
도로방범,초장동,초전동 1085-6,35.21194,128.115599,2019,4
도로방범,평거동,평거동 660-28 ,35.162056,128.038417,2020,2
방범,정촌면,정촌면 화개리 1285 ,35.127776,128.109787,2023,2
방범,중앙동,봉래동 38-158,35.19944,128.085619,2018,2
방범,중앙동,옥봉동 375-25,35.195767,128.09309,2022,4
방범,중앙동,옥봉동 700-1,35.193443,128.092539,2021,2
도로방범,이현동, 이현동 722-2 ,35.211554,128.054883,2015,2
도로방범,이현동,이현동 706-7 ,35.201026,128.055641,2017,1
도로방범,판문동,판문동 1231-1  ,35.186604,128.04661,2020,2
도로방범,판문동,판문동 519 ,35.186464,128.046337,2019,2
방범,중앙동,옥봉동 700-1,35.193168,128.094727,2021,2
방범,중앙동,옥봉동 700-1,35.193322,128.09344,2021,2
방범,중앙동,옥봉동 389,35.195679,128.091355,2022,2
방범,중앙동,대안동 14-8,35.194702,128.08288,2018,4
방범,중앙동,중안동 3-13,35.19443,128.082221,2023,3
방범,중앙동,장대동 130-2,35.193565,128.087523,2015,2
방범,중앙동,장대동 105-6,35.19233,128.086462,2016,4
방범,중앙동,평안동 145,35.196807,128.084155,2016,2
방범,중앙동,수정동 19-5,35.198247,128.085984,2016,2
도로방범,문산읍,문산읍 소문리 430 ,35.176755,128.156384,2013,2
방범,중앙동,옥봉동 835-5,35.192629,128.092769,2016,3
도로방범,문산읍,문산읍 상문리 1024-1 ,35.172518,128.173643,2017,2
도로방범,문산읍,문산읍 옥산리 832-1 ,35.160333,128.149597,2017,2
도로방범,문산읍,문산읍 삼곡리 579-9,35.17089,128.172809,2017,2
도로방범,문산읍,문산읍 두산리 1027 ,35.143013,128.135396,2018,2
도로방범,문산읍,문산읍 이곡리 650 ,35.135453,128.170087,2018,2
도로방범,문산읍,문산읍 갈곡리 213 ,35.142871,128.221589,2019,3
도로방범,문산읍,문산읍 소문리 430 ,35.176755,128.156384,2019,2
방범,중앙동,봉래동 94-16,35.201186,128.083143,2016,3
도로방범,내동면,내동면 유수리 250-2,35.127297,128.027072,2018,2
도로방범,내동면,내평리 23-1(내동면 내평리 산51-5),35.138544,128.024309,2017,3
도로방범,내동면,내동면 신율리 산58-4 ,35.150016,128.085877,2016,3
도로방범,내동면,내동면 신율리 산58-4,35.150016,128.085877,2015,3
방범,중앙동,옥봉동 794-27,35.192396,128.090186,2016,2
도로방범,내동면,내동면 유수리 243-1,35.126357,128.032116,2017,2
도로방범,내동면,내동면 내평리 산52-12 ,35.138544,128.024309,2019,2
도로방범,정촌면,정촌면 예하리 730-1 (정촌18옆),35.119773,128.094181,2018,3
도로방범,정촌면,정촌면 예하리 352-2 (정촌11옆),35.126324,128.109769,2015,3
도로방범,정촌면,정촌면 화개리 1251,35.126448,128.1097,2015,1
도로방범,정촌면,정촌면 소곡리 385 ,35.121301,128.128825,2017,2
도로방범,정촌면,정촌면 예하리 352-2 (정촌08옆),35.116208,128.095961,2018,1
도로방범,정촌면,정촌면 예하리 276-17 ,35.116372,128.096081,2018,1
도로방범,정촌면,정촌면 예하리 730-1 (정촌04옆),35.119773,128.094181,2019,2
도로방범,금곡면,금곡면 가봉리 772-6 ,35.124964,128.216947,2020,2
도로방범,금곡면,금곡면 두문리 산75-3 ,35.090613,128.17917,2020,2
도로방범,금곡면,금곡면 인담리 58-3,35.125428,128.173204,2018,3
도로방범,금곡면,금곡면 인담리 418-3 ,35.123229,128.174861,2017,2
도로방범,진성면,진성면 상촌리 114(진성7옆),35.188982,128.225417,2020,1
도로방범,진성면,진성면 상촌리 54-2 ,35.188771,128.2261,2020,2
도로방범,진성면,진성면 상촌리 69-3,35.190391,128.222762,2018,2
도로방범,진성면,진성면 상촌리 114(진성2옆),35.188982,128.225417,2019,1
도로방범,일반성면,일반성면 남산리 660-1,35.144567,128.272867,2018,2
도로방범,이반성면,이반성면 대천리 1075-1 ,35.137505,128.307991,2020,2
도로방범,이반성면,이반성면 발산리 639-1,35.142134,128.343229,2017,1
도로방범,이반성면,이반성면 평촌리 334 ,35.197439,128.335931,2020,2
도로방범,이반성면,이반성면 가산리 547-1 ,35.156232,128.315753,2018,2
도로방범,이반성면,이반성면 평촌리 775-5 ,35.187277,128.331944,2018,2
도로방범,이반성면,이반성면 발산리  620-2 ,35.142134,128.343229,2019,2
도로방범,사봉면,사봉면 봉곡리 1440,35.192036,128.292262,2018,2
도로방범,사봉면,사봉면 봉곡리 899-1,35.197271,128.273486,2019,2
도로방범,사봉면,사봉면 부계리 1340-6,35.189292,128.295629,2019,2
도로방범,지수면,지수면 압사리 산62-2(지수08옆),35.22872,128.266028,2020,1
도로방범,지수면,지수면 청담리 403-1 ,35.255515,128.272703,2019,2
도로방범,지수면,지수면 압사리 산62-2(지수08옆),35.22872,128.266028,2019,1
도로방범,지수면,지수면 압사리 996-5,35.224855,128.250814,2019,2
도로방범,대곡면,대곡면 광석리 31-2,35.276472,128.167052,2020,2
도로방범,대곡면,대곡면 덕곡리 642-5 ,35.223825,128.197968,2020,2
방범,중앙동,봉래동 180-1,35.199795,128.082848,2016,2
방범,중앙동,옥봉동 476-4,35.196751,128.088861,2016,2
방범,금산면,금산면 갈전리 1109-1,35.184386,128.155873,2015,1
도로방범,금산면,금산면 중천리 781-1 ,35.217188,128.136956,2018,2
방범,집현면,집현면 사촌리 424-7,35.213356,128.066238,2022,2
도로방범,집현면,집현면 덕오리 41-3,35.237949,128.133351,2017,1
도로방범,집현면,집현면 봉강리 산73-3 ,35.234763,128.086501,2018,1
도로방범,집현면,집현면 대암리 441-4 ,35.265155,128.079917,2018,3
방범,집현면,집현면 사촌리 531 ,35.222204,128.064337,2022,2
도로방범,집현면,집현면 장흥리 713-7 ,35.23243,128.101339,2019,3
도로방범,집현면,집현면 덕오리 279-3 ,35.235454,128.130248,2019,2
도로방범,미천면,미천면 효자리 278-2,35.333972,128.086263,2018,2
도로방범,미천면,미천면 효자리 산76-1,35.333972,128.086263,2019,2
도로방범,명석면,명석면 외율리 산198-12,35.278305,127.993602,2017,2
도로방범,명석면,명석면 왕지리 13-3 ,35.252937,128.05786,2017,1
도로방범,명석면,명석면 관지리 95-1 ,35.234408,128.045112,2017,1
도로방범,명석면,명석면 외율리 산198-12 ,35.278305,127.993602,2019,2
도로방범,대평면,대평면 내촌리 199-4,35.159929,127.992074,2018,3
도로방범,대평면,대평면 대평리 1204,35.240449,127.954609,2018,2
도로방범,수곡면,수곡면 원계리 812,35.22514,127.89525,2020,2
도로방범,수곡면,수곡면 원내리 244-2,35.158389,127.957571,2018,2
도로방범,수곡면,수곡면 자매리 58-8 ,35.243586,127.935662,2018,3
방범,중앙동,옥봉동 427-3,35.197028,128.088205,2016,2
방범,중앙동,옥봉동 202-2 ,35.197347,128.094441,2018,2
방범,중앙동,평안동 56 ,35.198663,128.082506,2018,2
방범,중앙동,장대동 67-9 ,35.194756,128.08844,2018,3
방범,중앙동,상봉동 967-12 ,35.201261,128.081045,2018,2
방범,중앙동,봉래동 85-16 ,35.201103,128.0851,2018,1
방범,중앙동,의곡길 54-5,35.201938,128.082305,2018,2
방범,중앙동,봉래동 84-2 ,35.202525,128.081659,2018,3
방범,중앙동,봉래동 75-3 ,35.202644,128.082671,2018,2
방범,중앙동,봉래동 82 ,35.201595,128.082776,2018,1
방범,중앙동,봉래동 56 ,35.2017,128.084682,2018,1
방범,중앙동,봉래동 1-20 ,35.201595,128.084677,2018,2
방범,중앙동,봉래동 112-6 ,35.201059,128.083967,2018,2
방범,중앙동,봉래동 39-1 ,35.201137,128.085044,2018,1
방범,중앙동,동성동 12-6,35.191837,128.084139,2019,3
공원,중앙동,옥봉동 398,35.196628,128.090105,2022,3
공원,중앙동,옥봉동 860,35.191909,128.099852,2022,2
공원,중앙동,옥봉동 860,35.1924684,128.1005859,2022,3
공원,중앙동,장대동 103,35.19297,128.08827,2016,2
방범,미천면,미천면 미곡리 770-3,35.313145,128.108457,2019,2
공원,중앙동,옥봉동 산1-1,35.199244,128.093979,2018,6
교통관리,중앙동,대안동 11-13,35.193089,128.084364,2012,4
방범,명석면,명석면 오미리 289-6,35.245195,127.993747,2019,2
어린이보호구역,중앙동,봉래동 27-2,35.200475,128.086353,2021,2
어린이보호구역,중앙동,봉래동 27-3,35.199284,128.087046,2021,3
방범,중앙동,옥봉동 792-1,35.19316,128.091403,2019,3
어린이보호구역,중앙동,봉래동 27-4,35.198764,128.087132,2021,2
어린이보호구역,중앙동,봉래동 27-6,35.199562,128.088595,2021,2
도로방범,이현동,이현동 212,35.188058,128.057321,2019,2
도로방범,중앙동,옥봉동 538-1,35.195862,128.089226,2016,2
도로방범,중앙동,옥봉동 361-8,35.197674,128.090844,2016,2
도로방범,금곡면,금곡면 정자리 187-3,35.122303,128.185437,2019,2
도로방범,중앙동,봉래동 88-4,35.200949,128.082174,2018,4
도로방범,평거동,평거동 733-2,35.168217,128.053519,2019,3
도로방범,중앙동,의병로243번길9,35.200912,128.084714,2018,3
방범,중앙동,수정동 19-10,35.198615,128.085782,2019,2
방범,대곡면,대곡면 단목리 1558-4,35.271386,128.133283,2019,2
방범,진성면,진성면 상촌리 325-3,35.17926,128.223469,2019,3
방범,지수면,지수면 청담리 583-1,35.247505,128.223469,2019,2
도로방범,이반성면,이반성면 용암리 578-2,35.169608,128.318955,2019,3
방범,중앙동,장대동 91-1,35.193366,128.089831,2019,4
도로방범,이현동,이현동 981-1 ,35.202125,128.051637,2019,1
방범,중앙동,장대동 356-16,35.190794,128.088942,2019,3
방범,중앙동,동성동 6-1,35.191817,128.08549,2019,4
방범,중앙동,장대동 51-3,35.195737,128.088531,2020,2
방범,중앙동,옥봉동 331-3,35.199241,128.090169,2020,2
방범,중앙동,동성동 10-6,35.192267,128.08341,2020,2
방범,금산면,금산면 속사리 207-1 ,35.184973,128.148497,2019,2
방범,중앙동,동성동 11-4,35.192549,128.083699,2020,3
방범,중앙동,동성동 2-13,35.192741,128.085233,2020,3
방범,중앙동,옥봉동 369-26,35.19622,128.09219,2021,2
방범,중앙동,평안동 24,35.19835,128.08292,2021,3
방범,가호동,호탄동 634-1,35.164007,128.117125,2019,4
스마트정류장,중앙동,대안동 14-8,35.194564,128.083627,2022,2
스마트정류장,중앙동,대안동 7-6,35.195214,128.083686,2022,2
스마트폴,중앙동,동성동 12-4,35.193165,128.08409,2022,1
교통관리,가호동,가호동 1959,35.15146,128.114439,2019,3
스마트폴,중앙동,동성동 2-7,35.192968,128.084594,2022,1
스마트폴,중앙동,진주시 동성동 211-4,35.192201,128.08682,2022,1
스마트폴,중앙동,장대동129-5,35.193228,128.086359,2022,2
공원,중앙동,옥봉동 28,35.197951,128.098304,2022,2
공원,중앙동,옥봉동 28,35.197951,128.098304,2022,2
방범,중앙동,수정동 16-6 ,35.198618,128.084087,2023,3
방범,중앙동,평안동 95 ,35.197978,128.081428,2023,4
방범,지수면,지수면 승산리 203-9,35.235055,128.269872,2016,2
방범,지수면,지수면 압사리 1309-4 ,35.235055,128.269872,2017,2
어린이보호구역,지수면,지수면 압사리 1065-1,35.232645,128.252013,2022,3
도로방범,지수면,지수면 승산리 120-7,35.2303,128.26933,2021,3
방범,지수면,지수면 승산리 402 ,35.234018,128.268124,2023,2
어린이보호구역,진성면,진성면 상촌리 541-2,35.1704,128.224999,2022,3
어린이보호구역,진성면,진성면 상촌리 541-2,35.169223,128.225446,2022,3
방범,성북동,봉곡동 17-8,35.195015,128.077922,2019,3
방범,진성면,진성면 동 산리 11-11,35.189075,128.245104,2019,3
도로방범,진성면 ,진성면 상촌리 153-10,35.186996,128.222074,2022,5
방범,진성면,진성면 상촌리 556-3 ,35.168787,128.223749,2023,3
방범,상대동,상대동 293-3,35.180057,128.10427,2019,2
방범,집현면,집현면 신당리 198,35.216906,128.123862,2017,2
어린이보호구역,집현면,집현면 지내리 125,35.241209,128.092923,2022,3
어린이보호구역,집현면,집현면 지내리 125,35.242023,128.09199,2022,4
방범,집현면,집현면 봉강리 299-3,35.239825,128.085669,2019,3
방범,상평동,상평동 307-3,35.171582,128.123056,2019,2
도로방범,집현면,집현면 장흥리 595-3,35.23502,128.10557,2021,2
방범,집현면,집현면 장흥리 595-3,35.23645,128.10566,2021,2
도로방범,집현면,집현면 정수리 68,35.28596,128.08297,2021,2
방범,집현면,집현면 덕오리 51-2,35.23707,128.13559,2021,1
방범,집현면,집현면 장흥리 807-4,35.227669,128.101199,2022,3
방범,집현면,집현면 냉정리 838-40,35.251263,128.098797,2022,3
방범,집현면,집현면 대암리 38-3,35.269695,128.084571,2022,3
방범,집현면,집현면 봉강리 874-1,35.243361,128.071118,2022,3
방범,집현면,집현면 신당리 609-6 ,35.228669,128.11326,2023,2
방범,천전동,칠암동 505-50 ,35.184069,128.091716,2022,5
방범,천전동,천전동 525-6,35.182392,128.093239,2022,3
방범,천전동,천전동 534-18 ,35.180355,128.096242,2022,4
방범,천전동,천전동 529-18 ,35.183061,128.095369,2014,3
방범,천전동,천전동 490-16 ,35.178597,128.094953,2019,3
방범,천전동,칠암동 60-2,35.177992,128.096852,2018,2
방범,천전동,망경동 526-22,35.178283,128.086549,2015,2
방범,천전동,망경동 102-8,35.185437,128.082388,2015,2
방범,천전동,망경동 287-8,35.182022,128.082694,2015,3
방범,진성면,진성면 천곡리 442-1,35.189249,128.246206,2019,1
방범,천전동,칠암동 103-22,35.177376,128.096142,2015,2
방범,천전동,망경동 217-7,35.180981,128.079033,2016,2
방범,초장동,초전동 762-1 ,35.20087,128.112207,2019,2
방범,천전동,칠암동 528-7,35.183835,128.094266,2016,2
방범,초장동,초전동 1728,35.207885,128.109939,2019,3
방범,천전동,칠암동 124-1,35.178622,128.096548,2016,2
방범,천전동,칠암동 524-30,35.184679,128.093332,2016,2
방범,천전동,강남동 245-27 ,35.185508,128.082152,2017,2
방범,천전동,망경동 88-12 ,35.183378,128.082772,2017,3
방범,천전동,주약동 196-13 ,35.176635,128.087715,2017,2
방범,천전동,망경동 447-33 ,35.182264,128.084625,2018,3
방범,천전동,강남동 94-1 ,35.187553,128.0855,2018,2
방범,천전동,망경동 141-29 ,35.185011,128.08051,2023,4
방범,천전동,주약동 353-3 ,35.170513,128.089955,2019,2
방범,천전동,망경동 25-6 ,35.186564,128.085141,2019,4
방범,천전동,칠암동 112-8 ,35.186885,128.081843,2019,3
방범,문산읍,문산읍 삼곡리 823-6,35.161307,128.171311,2019,2
방범,천전동,칠암동 499-12,35.187726,128.090211,2019,2
방범,진성면,진성면 상촌리 638-2,35.179591,128.220544,2019,2
방범,진성면,진성면 상촌리 888-26,35.180435,128.219451,2019,2
방범,천전동,칠암동 15-5,35.182307,128.095799,2019,2
공원,천전동,칠암동 522,35.183499,128.092794,2017,4
어린이보호구역,천전동,망경동 490,35.179966,128.083913,2021,3
어린이보호구역,천전동,망경동 490,35.179114,128.083817,2021,2
어린이보호구역,천전동,망경동 480-5,35.180315,128.084805,2022,4
어린이보호구역,천전동,망경동 480-5,35.179193,128.085295,2014,5
어린이보호구역,천전동,칠암동 237-2,35.186716,128.089273,2021,2
어린이보호구역,천전동,칠암동 237-2,35.18593,128.090358,2021,1
어린이보호구역,천전동,칠암동 237-2,35.184907,128.090547,2021,2
어린이보호구역,천전동,칠암동 237-2,35.185597,128.09254,2021,2
어린이보호구역,천전동,칠암동 237-2,35.186253,128.091918,2021,2
어린이보호구역,천전동,천전동 111-95 ,35.173617,128.093313,2021,1
어린이보호구역,천전동,천전동  111-93 ,35.173187,128.092323,2021,2
어린이보호구역,천전동,천전동 산42-1,35.171878,128.091432,2021,3
방범,천전동,칠암동 491-1,35.17819,128.093494,2022,3
도로방범,천전동,망경동 4-5 ,35.187214,128.082736,2020,2
도로방범,천전동,망경동 161-1,35.184384,128.078756,2015,1
도로방범,천전동,강남동 122-10,35.184902,128.086727,2015,2
도로방범,천전동,칠암동 300-1 ,35.185603,128.087796,2016,1
산단관리,상평동,상평동 55-80,35.174207,128.125738,2019,1
도로방범,천전동,망경동 177-14 ,35.182119,128.078055,2018,2
도로방범,천전동,주약동 206-5 ,35.175066,128.088934,2019,2
도로방범,천전동,강남동 119 ,35.185795,128.086433,2019,2
방범,천전동,망경동 453-81,35.181677,128.085779,2019,3
방범,천전동,망경동 426,35.180861,128.083259,2019,2
방범,천전동,주약동 190-8,35.177577,128.087729,2019,3
방범,천전동,강남동 245-125,35.18169,128.088415,2019,4
방범,천전동,망경동 151,35.183765,128.079425,2019,2
방범,천전동,망경동 135-18,35.185226,128.080895,2019,2
방범,천전동,진주시 망경동 381-8,35.180217,128.08076,2019,3
방범,천전동,진주시 망경동 319,35.180593,128.08022,2019,3
방범,천전동,주약동 133-151,35.174545,128.091949,2019,3
방범,천전동,칠암동 515-1,35.182726,128.090681,2019,4
방범,충무공동,충무공동 278(LH8단지),35.172648,128.148532,2019,1
방범,충무공동,충무공동 278(행정복지센터),35.175798,128.149204,2019,1
방범,충무공동,충무공동 278(LH4단지),35.178084,128.148471,2019,1
방범,충무공동,충무공동 278(LH본사),35.178206,128.148094,2019,1
방범,충무공동,충무공동 223(LH1단지),35.180974,128.147152,2019,1
방범,충무공동,충무공동 223(남동 발전),35.18069,128.147207,2019,1
교통관리,충무공동,충무공동 87-18,35.16654,128.129827,2019,3
교통관리,충무공동,충무공동 134,35.177493,128.13881,2019,4
방범,천전동,칠암동 478-5,35.178553,128.098253,2019,3
교통정보수집,상대동,상대동 295-18,35.179478,128.100966,2020,4
교통정보수집,상대동,상대동 298-6,35.179636,128.107185,2020,4
교통정보수집,상대동,상대동 299-9,35.179761,128.110336,2020,4
교통정보수집,상대동,상대동 303-62,35.17973,128.111947,2020,4
교통정보수집,상대동,상대동 313-11,35.180368,128.117338,2020,4
교통정보수집,상대동,상대동 33-23,35.180145,128.122404,2020,4
교통정보수집,상대동,상대동 33-97,35.180414,128.129265,2020,3
방범,천전동,칠암동 478-8,35.188695,128.08689,2019,3
교통정보수집,천전동,칠암동 379-5,35.182,128.089416,2020,4
교통정보수집,천전동,강남동 11-22,35.186355,128.087344,2020,4
교통정보수집,천전동,칠암동 496-4,35.187849,128.086558,2020,3
교통정보수집,중앙동,동성동 214-13,35.187849,128.086558,2020,4
교통정보수집,중앙동,동성동 2-7,35.192842,128.084565,2020,4
재난화재,상대동,상대동 276-9,35.180274,128.110276,2020,1
재난화재,신안동,신안동 8-1,35.189073,128.070862,2019,1
재난화재,천전동,망경동 117-6,35.122709,128.187382,2019,1
재난화재,평거동,평거동 636-11,35.163384,128.05602,2019,1
재난화재,수곡면,수곡면 원내리 865-49,35.122709,128.187382,2018,1
주정차단속,정촌면,정촌면 예하리 1286-2,35.128887,128.099983,2018,4
도로방범,가호동,호탄동 산 141-2 ,35.158633,128.119042,2020,1
교통정보수집,천전동,칠암동 429-4,35.178506,128.091443,2020,4
방범,천전동,칠암동 509-20,35.184544,128.089599,2020,2
도로방범,가호동,호탄동 774,35.159306,128.117712,2020,2
감응신호,가호동,호탄동 산 108-6,35.162766,128.120726,2021,2
주정차단속,하대동,하대동 316-33,35.193167,128.121971,2020,1
감응신호,가호동,가좌동 996-12,35.150615,128.101847,2021,1
재난화재,집현면,집현면 덕오리 576-7,35.258433,128.12157,2020,3
교통관리,충무공동,충무공동 145,35.167413,128.136305,2020,4
방범,천전동,주약동 156-26,35.176433,128.091851,2020,3
스마트정류장,천전동,칠암동 482,35.179804,128.090535,2022,2
스마트폴,천전동,망경동 110-1,35.18721,128.08183,2022,2
방범,상대동,상대동 284,35.17973,128.108065,2020,1
방범,사봉면,사봉면 산업단지로49,35.190045,128.27578,2020,4
교통관리,초장동,초전동 1665,35.212198,128.106198,2020,2
방범,문산읍,문산읍 소문리 290-4,35.173666,128.159878,2020,3
방범,문산읍,문산읍 소문리 290-4,35.173471,128.159985,2020,1
방범,금산면,금산면 속사리 612,35.184023,128.140441,2020,3
스마트폴,천전동,칠암동 500-15,35.18611,128.09399,2022,1
방범,천전동,칠암동 507-9,35.183957,128.090738,2022,4
방범,중앙동,장대동 51-3,35.195547,128.088448,2020,1
방범,천전동,망경동 456-57,35.18131,128.085124,2022,5
방범,상봉동,상봉동 1090-3,35.198519,128.071616,2020,2
방범,천전동,망경동 392,35.179833,128.081582,2022,2
감응신호,가호동,가좌동 346-1,35.149435,128.108089,2021,6
방범,천전동,망경동 138-14,35.184207,128.080765,2023,2
방범,천전동,망경동 82-15,35.184024,128.081767,2023,3
방범,천전동,망경동 132-7,35.185199,128.081284,2023,2
방범,상대동,상대동 511-3,35.188328,128.114049,2020,1
방범,천전동,망경동산 7,35.187209,128.084579,2023,2
방범,천전동,강남동 113-2,35.185764,128.0856,2023,2
방범,중앙동,옥봉동 331-3,35.199023,128.090002,2020,1
방범,중앙동,옥봉동 331-3,35.199145,128.089931,2020,1
공원,천전동,망경동산16-3,35.183067,128.077628,2023,1
방범,성북동,인사동 189-9,35.192926,128.070344,2020,2
방범,천전동,망경동 74-7 ,35.183161,128.081589,2023,3
방범,천전동,칠암동 512-11 ,35.181703,128.090843,2023,2
방범,평거동,평거동 1023,35.168615,128.062913,2020,1
방범,평거동,평거동 1023,35.168496,128.062711,2020,2
방범,천전동,강남동 239 ,35.179978,128.090406,2023,3
공원,판문동,강남동 245-178,35.178737,128.088344,2023,3
재난화재,천전동,진주시 망경동 57-2,35.182966,128.085707,2020,2
재난화재,성북동,진주시 중안동 10,35.193468,128.081692,2020,2
재난화재,상대동,진주시 상대동 314-7,35.180428,128.118613,2020,4
방범,성북동,남성동 24-1,35.19051,128.078969,2020,2
방범,성북동,남성동 24-1,35.190757,128.079253,2020,1
방범,성북동,남성동 1-12,35.191257,128.078552,2020,4
공원,가호동,강남동 245-178,35.178464,128.087785,2020,1
방범,성북동,본성동 16-18,35.190996,128.08038,2020,2
교통관리,성북동,본성동 2-3,35.19231,128.081855,2020,4
도로방범,성북동,본성동 6-5,35.191,128.083005,2020,3
공원,가호동,강남동 245-178,35.178464,128.087785,2020,3
방범,초장동,초장동 813-13 ,35.201325,128.114747,2022,5
방범,초장동,초전동 796-1,35.202035,128.11265,2018,2
교통관리,충무공동,충무공동 275,35.167097,128.13639,2020,4
교통관리,충무공동,충무공동 298,35.174591,128.14494,2020,3
교통관리,충무공동,충무공동 231,35.180295,128.143385,2020,1
어린이보호구역,초장동,장재동 582,35.217425,128.100895,2022,2
어린이보호구역,초장동,장재동 582,35.217103,128.102226,2022,3
산단관리,상대동,상대동 33-97,35.180768,128.129298,2020,3
방범,초장동,초전동 1640-2,35.205795,128.113484,2016,4
산단관리,상평동,상평동 55-61,35.18105,128.140423,2020,2
산단관리,상평동,상평동 371-1,35.17342,128.127332,2020,2
산단관리,상평동,상평동 957-5,35.138977,128.107686,2020,3
방범,초장동,초전동 997,35.203369,128.11442,2016,4
방범,초장동,장재동 801,35.21739,128.09948,2018,2
방범,내동면,내동면 독산리 583,35.166836,128.066578,2020,1
방범,내동면,내동면 독산리 583-1,35.166579,128.066147,2020,2
방범,판문동,평거동 636-11,35.163354,128.055552,2020,1
방범,판문동,평거동 695-157,35.163354,128.055552,2020,2
교통관리,평거동,평거동 602-9,35.168599,128.065256,2020,1
방범,신안동,신안동 613-1,35.170269,128.067279,2020,2
방범,신안동,신안동 594-4,35.172821,128.069697,2020,3
방범,신안동,신안동 530-1,35.177049,128.071736,2020,2
방범,신안동,신안동 514-2,35.181831,128.073967,2020,2
방범,천전동,망경동 117-26,35.185281,128.078873,2020,2
방범,천전동,망경동 116,35.186591,128.080494,2020,2
방범,천전동,강남동 62-3,35.188295,128.084988,2020,2
방범,천전동,칠암동 262,35.188876,128.087713,2020,2
방범,천전동,칠암동 499-5,35.18867,128.089834,2020,2
방범,천전동,칠암동 220-1,35.187324,128.092587,2020,2
방범,천전동,칠암동 1,35.18354,128.095757,2020,2
방범,천전동,칠암동 9-4,35.181469,128.096957,2020,2
방범,상평동,상평동 278-6,35.173536,128.099371,2020,3
공원,초장동,초전동 1583-38,35.204889,128.126228,2022,4
공원,초장동,초전동 1583-38,35.20433,128.126343,2022,5
공원,초장동,초전동 1634-3,35.206956,128.114599,2022,4
감응신호,가호동,가좌동 산 80-17,35.147931,128.104842,2021,1
감응신호,가호동,가좌동 996-12,35.151146,128.103264,2021,1
감응신호,정촌면,정촌면 화개리 1769-4,35.141074,128.099847,2020,6
감응신호,정촌면,정촌면 화개리 1769-4,35.143012,128.100752,2020,8
방범,상봉동,봉곡동 11-10,35.196141,128.078502,2020,4
공원,초장동,초전동 1335-2,35.182247,128.06484,2016,2
공원,초장동,초전동 1717,35.182247,128.06484,2019,3
공원,초장동,초전동 1727-4,35.182247,128.06484,2019,2
방범,문산읍,문산읍 안전리 59-3,35.148037,128.206385,2020,3
방범,진성면,진성면 구천리 520-1,35.16288,128.22786,2020,3
감응신호,가호동,가좌동 1409-6,35.145339,128.101415,2021,4
방범,상대동,상대동 311-7,35.178799,128.116572,2020,2
방범,금산면,금산면 갈전리 1400-6,35.182133,128.153239,2020,3
방범,천전동,망경동 552-1,35.176248,128.085098,2020,2
방범,정촌면,정촌면 예하리 1271-3,35.132149,128.101548,2020,3
방범,신안동,신안동 454-4,35.181565,128.06891,2020,1
재난화재,상봉동,상봉동 1020-13,35.1982711,128.0780661,2020,3
재난화재,초장동,초전동 1645-8,35.2045523,128.1147168,2020,3
재난화재,정촌면,정촌면 화개리 976,35.1310449,128.1025956,2020,2
재난화재,중앙동,대안동 8-425,35.1936389,128.0859025,2020,4
재난화재,평거동,평거동 산 65-1,35.1732284,128.0354706,2020,2
재난화재,상대동,상대동 284,35.1803106,128.1078621,2020,4
재난화재,충무공동,충무공동 350,35.1733813,128.1545681,2020,3
공원,초장동,초전동 1645-7,35.182247,128.06484,2019,4
공원,초장동,초전동 1628,35.182247,128.06484,2019,3
어린이보호구역,초장동,초전동 1634-1,35.208234,128.113799,2022,3
어린이보호구역,초장동,초전동 1634-1,35.207118,128.114013,2022,3
어린이보호구역,초장동,초전동 1634-1,35.208537,128.113625,2022,2
스마트교차로,신안동,신안동 11-74,35.187739,128.070558,2020,5
스마트교차로,초장동,초전동 1329-23,35.212508,128.115045,2021,4
감응신호,초장동,초전동 1583-13,35.210209,128.12566,2021,3
감응신호,초장동,초전동 1583-23,35.204384,128.127049,2021,3
감응신호,초장동,초전동 312-1,35.212506,128.116619,2021,4
감응신호,초장동,초전동 260-1,35.212485,128.122906,2021,3
감응신호,초장동,초전동 1085-6,35.211592,128.115569,2021,3
감응신호,초장동,초전동 1536-2,35.200734,128.10292,2021,2
감응신호,초장동,초전동 1253-5,35.216463,128.110501,2021,4
스마트교차로,가호동,가좌동 1398,35.15967,128.107491,2021,5
어린이보호구역,초장동,초전동 686-1,35.196699,128.114489,2021,2
어린이보호구역,초장동,초전동 686-1,35.198115,128.115627,2021,2
주정차단속,가호동,가좌동 480-7,35.153072,128.105935,2021,1
어린이보호구역,초장동,초전동 686-1,35.197863,128.114381,2021,2
주정차단속,가호동,가좌동 1958,35.155379,128.116646,2019,3
주정차단속,가호동,가좌동 1958,35.154209,128.115221,2019,4
주정차단속,가호동,가좌동 2064-2,35.153359,128.116538,2019,5
감응신호,금산면,금산면 장사리 1180-10,35.220432,128.14544,2021,2
감응신호,금산면,금산면 속사리 62,35.184989,128.150315,2021,4
감응신호,금산면,금산면 중천리 1049-4,35.212915,128.131071,2021,3
감응신호,금산면,금산면 중천리 367,35.214253,128.140452,2021,2
감응신호,금산면,금산면 중천리 313-3,35.21393,128.138757,2021,4
감응신호,내동면,내동면 독산리 582-18,35.16651,128.066573,2021,3
감응신호,내동면,내동면 독산리 1060-2,35.158883,128.069952,2021,4
감응신호,내동면,내동면 독산리 462-1,35.16164,128.06778,2021,4
스마트교차로,내동면,내동면 독산리 172-2,35.157722,128.070052,2021,3
감응신호,문산읍,문산읍 소문리 2370-109,35.168427,128.162478,2021,1
감응신호,문산읍,문산읍 삼곡리 1213-2,35.164809,128.16437,2021,6
감응신호,문산읍,문산읍 옥산리 959,35.161327,128.139767,2021,4
감응신호,문산읍,문산읍 옥산리 1756,35.162768,128.137857,2021,4
감응신호,문산읍,문산읍 옥산리 1416,35.163709,128.13721,2021,2
감응신호,상대동,상대동 33-75,35.184432,128.128849,2021,5
감응신호,상대동,상대동 33-75,35.180566,128.129531,2021,1
감응신호,상대동,상대동 334-1,35.182192,128.11745,2021,4
감응신호,상대동,상대동 332-1,35.186538,128.11713,2021,4
감응신호,상평동,상평동 55-41,35.176164,128.129337,2021,6
감응신호,상평동,상평동 55-41,35.178501,128.129903,2021,1
감응신호,상평동,상평동 503,35.171691,128.12523,2021,1
감응신호,상평동,상평동 503,35.170365,128.123384,2021,2
감응신호,상평동,상평동 502,35.168849,128.119427,2021,2
감응신호,상평동,상평동 502,35.16829,128.11671,2021,2
감응신호,상평동,상평동 283-1,35.169206,128.107604,2021,1
감응신호,상평동,상평동 283-1,35.170681,128.10312,2021,1
감응신호,신안동,신안동 56,35.183901,128.074627,2021,2
감응신호,신안동,신안동 56,35.181002,128.073068,2021,2
감응신호,신안동,신안동 340,35.180809,128.070981,2021,6
감응신호,신안동,신안동 340,35.177372,128.071306,2021,4
감응신호,신안동,신안동 748-6,35.174718,128.069638,2021,4
감응신호,이현동,유곡동 417-3,35.194781,128.059371,2021,5
감응신호,이현동,이현동 1106-3,35.195741,128.056536,2021,2
감응신호,이현동,이현동 213-1,35.187461,128.056881,2021,2
감응신호,이현동,이현동 599-4,35.194069,128.061643,2021,4
감응신호,중앙동,옥봉동 28,35.198006,128.098592,2021,2
감응신호,중앙동,옥봉동 672-1,35.195698,128.094827,2021,3
감응신호,천전동,주약동 407-4,35.174244,128.096153,2021,4
감응신호,천전동,주약동 31-2,35.175672,128.096528,2021,4
감응신호,천전동,칠암동 554,35.179818,128.097437,2021,2
감응신호,천전동,주약동 18-3,35.172975,128.096118,2021,3
감응신호,천전동,주약동 133-56,35.175565,128.090227,2021,6
감응신호,천전동,주약동 18-3,35.170512,128.096959,2021,4
감응신호,천전동,칠암동 47-9,35.178613,128.09795,2021,4
감응신호,충무공동,충무공동 161,35.16393,128.125982,2021,2
감응신호,충무공동,충무공동 161,35.165379,128.129666,2021,2
감응신호,충무공동,충무공동 161,35.165872,128.133705,2021,2
감응신호,충무공동,충무공동 100,35.174678,128.135542,2021,6
감응신호,판문동,판문동 1251-3,35.167398,128.042775,2021,3
감응신호,판문동,판문동 272-2,35.167562,128.044552,2021,4
감응신호,판문동,판문동 270-1,35.167171,128.046174,2021,4
감응신호,평거동,평거동 795-20,35.172103,128.068162,2021,4
감응신호,평거동,평거동 1064,35.166373,128.060456,2021,4
감응신호,평거동,평거동 1058,35.163743,128.055632,2021,4
감응신호,평거동,평거동 695-157,35.162975,128.054466,2021,4
감응신호,평거동,평거동 344-8,35.169624,128.055984,2021,3
감응신호,평거동,평거동 705-5,35.167321,128.050474,2021,3
감응신호,평거동,평거동 694-17,35.169063,128.05491,2021,3
감응신호,평거동,평거동 692-13,35.171255,128.058531,2021,4
스마트교차로,평거동,평거동 692,35.173215,128.059783,2021,5
감응신호,하대동,하대동 145,35.189255,128.128477,2021,3
스마트교차로,하대동,하대동 291-1,35.18857,128.116898,2021,4
방범,성북동,봉곡동 32,35.195952,128.076714,2021,2
방범,성북동,봉곡동 32,35.195592,128.076416,2021,1
방범,천전동,칠암동 478-9,35.186546,128.093556,2021,4
방범,문산읍,문산읍 갈곡리 656-15,35.1459,128.21181,2021,3
어린이보호구역,초장동,초전동 1691,35.214352,128.10952,2018,2
어린이보호구역,초장동,초전동 1691,35.214313,128.110745,2018,3
도로방범,초장동,초전동 360-10,35.212452,128.12309,2020,2
도로방범,초장동,초전동 1560-1 ,35.199971,128.101757,2020,1
도로방범,초장동,초전동 1560-1 ,35.199893,128.100589,2020,1
도로방범,초장동,초전동 81-18,35.196716,128.127675,2015,3
도로방범,초장동,초전동 1701-5,35.213787,128.113248,2017,2
도로방범,대평면,대평면 당촌리 1326-4,35.188022,127.968408,2021,2
방범,초장동,초전동 1685-1,35.209295,128.111026,2019,4
방범,초장동,초전동 829-7,35.127356,128.104957,2019,2
방범,초장동,초전동 1713-8,35.211306,128.113398,2019,3
방범,초장동,초전동 1702-7,35.212991,128.112079,2019,3
방범,초장동,초전동 821-4,35.201074,128.112837,2019,2
방범,초장동,초전동 1349-23,35.207757,128.109208,2019,3
방범,초장동,초전동 1607-5,35.212229,128.107511,2020,3
방범,초장동,장재동 406-3,35.2157206,128.1081038,2020,3
방범,초장동,장재동 568-8,35.2157206,128.1081038,2020,3
방범,초장동,장재동 565-10,35.2157206,128.1081038,2020,3
공원,초장동,초전동 1729,35.21071,128.111533,2020,2
방범,초장동,초전동 127-52,35.18997,128.12865,2021,3
방범,대평면,대평면 대평리 537-5,35.23125,127.96012,2021,2
방범,초장동,초전동 1583-14,35.20496,128.12729,2021,3
스마트정류장,초장동,초전동 260-1,35.212585,128.121578,2022,2
주정차단속,충무공동,충무공동 225-1,35.181291,128.14341,2020,4
주정차단속,충무공동,충무공동 297,35.173984,128.145367,2020,3
주정차단속,충무공동,충무공동 276,35.175013,128.150871,2020,3
주정차단속,가호동,가좌동 305-5,35.150067,128.114741,2020,1
주정차단속,충무공동,충무공동 41,35.17749,128.13933,2021,1
방범,금곡면,금곡면 가봉리 592,35.125252,128.217312,2021,2
방범,내동면,내동면 독산리 354,35.155758,128.064956,2021,6
스마트정류장,초장동,초전동 659-1,35.208351,128.1157517,2022,2
스마트정류장,초장동,초전동 1017-1,35.20383,128.1160852,2022,1
스마트폴,초장동,초전동 1583-14,35.20393,128.12598,2022,1
스마트폴,초장동,초전동 1583-14,35.20863,128.12545,2022,1
스마트폴,초장동,초전동 1583-38,35.20709,128.12568,2022,1
스마트폴,초장동,초전동 1674,35.21074,128.11151,2022,1
방범,일반성면,일반성면 남산리 712,35.142962,128.27442,2021,2
방범,진성면,진성면 가진리 860-4,35.211673,128.210257,2021,2
방범,집현면,집현면 냉정리 206-1,35.257515,128.098082,2021,2
방범,판문동,평거동 660-28 ,35.163591,128.03964,2021,3
방범,초장동,초전동 1028-4,35.202513,128.115157,2022,5
방범,대평면,대평면 대평리 산 113-11,35.23194,127.97077,2021,2
방범,초장동,하촌동 97-1,35.213038,128.092443,2022,3
공원,충무공동,충무공183,35.18366,128.1455,2021,1
방범,초장동,초전동 1648-2 ,35.203644,128.114798,2023,3
공원,충무공동,충무공183,35.18315,128.14606,2021,2
방범,충무공동,충무공동 54-1,35.170243,128.129243,2023,4
공원,충무공동,충무공183,35.18229,128.1459,2021,2
방범,충무공동,충무공동 60-13,35.167322,128.128692,2023,4
방범,충무공동,충무공동 101-3,35.175157,128.135856,2014,4
방범,충무공동,충무공동 45-7,35.174677,128.132939,2014,4
공원,충무공동,충무공183,35.18348,128.14491,2021,1
방범,충무공동,충무공동 76-1,35.173544,128.135366,2014,3
방범,천전동,칠암동 312-1,35.18525,128.09009,2021,2
방범,충무공동,충무공동 95-3,35.166709,128.134846,2023,3
주정차단속,가호동,가좌동 2082,35.155371,128.11819,2020,3
방범,충무공동,충무공동 152-5,35.167378,128.138231,2023,4
방범,충무공동,충무공동 169-5,35.184099,128.146925,2014,3
방범,성북동,봉곡동 24-4,35.19643,128.07597,2021,2
방범,충무공동,충무공동 173-2,35.184557,128.148294,2014,5
방범,충무공동,충무공동 190-1,35.18306,128.148478,2014,3
어린이보호구역,신안동,신안동 350-6,35.18401,128.06759,2021,2
어린이보호구역,신안동,신안동 350-6,35.18435,128.06671,2021,2
방범,정촌면,예하리 1295,35.1225,128.09804,2021,3
방범,금곡면,두문리 590-3,35.09455,128.18849,2021,1
방범,충무공동,충무공동 190-4,35.182432,128.149009,2014,4
방범,금곡면,오서리 1611-10,35.09057,128.18897,2021,1
방범,충무공동,충무공동 204-1,35.181823,128.150334,2014,4
방범,금곡면,오서리 1611-206,35.08859,128.18882,2021,1
방범,충무공동,충무공동 209-17,35.182836,128.151918,2014,3
방범,금곡면,중천리 1175-21,35.22118,128.13028,2021,2
방범,충무공동,충무공동 40-6,35.177959,128.139492,2014,3
방범,충무공동,충무공동 140-6,35.169881,128.138982,2023,4
방범,충무공동,충무공동 289-5,35.175184,128.144642,2023,4
방범,충무공동,충무공동 232,35.178869,128.150994,2014,3
방범,초장동,초전동 1583-6,35.19585,128.12808,2021,2
방범,충무공동,충무공동 342,35.172952,128.149708,2023,2
방범,충무공동,충무공동 327-1,35.170452,128.146916,2023,4
방범,충무공동,충무공동 322-4,35.17135,128.147598,2023,3
방범,충무공동,충무공동 265,35.176464,128.152967,2014,5
방범,충무공동,충무공동 245-10,35.177977,128.155276,2014,4
공원,충무공동,충무공동 44,35.173774,128.131766,2022,3
공원,충무공동,충무공동 44,35.172891,128.131251,2022,4
공원,충무공동,충무공동 44,35.169741,128.127304,2022,4
공원,충무공동,충무공동 14,35.178166,128.133685,2022,5
주정차단속,가호동,가좌동 2039,35.151305,128.1141,2020,4
주정차단속,가호동,가좌동 2073,35.153114,128.199129,2024,2
주정차단속,가호동,가좌동 1945,35.154714,128.1137066,2024,4
주정차단속,천전동,강남동 387,35.183819,128.087526,2024,4
주정차단속,상대동,상대동 180-2,35.187696,128.117154,2024,4
주정차단속,충무공동,충무공동 225-1,35.1812166,128.1433756,2024,3
주정차단속,평거동,평거동 901,35.172715,128.0604,2024,3
주정차단속,가호동,가좌동 900,35.158307,128.100515,2024,3
주정차단속,가호동,가좌길29번길,35.156573,128.104649,2024,4
주정차단속,가호동,경남 진주시 가좌동 2091-3,35.1536,128.121,2024,4
주정차단속,가호동,경남 진주시 가좌동 1983-1,35.15271,128.109002,2024,4
주정차단속,가호동,진주역로 31번길,35.1503,128.107101,2024,1
주정차단속,신안동,신안동 380,35.184,128.06741,2024,1
방범,상평동,상대동 898-96,35.179475,128.100779,2021,1
감응신호,정촌면,예하리 1322,35.118455,128.097354,2021,1
감응신호,문산읍,옥산리 952-16,35.161013,128.139933,2021,2
공원,충무공동,충무공동 44,35.175577,128.132953,2022,4
공원,충무공동,충무공동 112-1,35.17124,128.135189,2022,4
산단관리,정촌면,정촌면 예하리 1383-3,35.116275,128.101454,2020,1
산단관리,정촌면,정촌면 예하리 1401-6,35.115487,128.106951,2020,1
산단관리,정촌면, 정촌면 예하리 1250-3,35.114992,128.107079,2020,1
공원,충무공동,충무공동 112-1,35.171661,128.136417,2022,3
공원,충무공동,충무공동 119-6,35.173031,128.13758,2022,3
공원,충무공동,충무공동 127,35.171052,128.137127,2022,4
공원,충무공동,충무공동 36,35.179287,128.141035,2022,4
공원,충무공동,충무공동 183,35.181351,128.142864,2022,3
공원,충무공동,충무공동 184,35.181219,128.143913,2022,4
공원,충무공동,충무공동 136,35.176649,128.140441,2022,3
공원,충무공동,충무공동 137,35.174425,128.140709,2022,3
공원,충무공동,충무공동 138,35.171163,128.140017,2022,3
감응신호,가호동,호탄동 산 122-3,35.165012,128.119871,2020,1
공원,충무공동,충무공동 287-4,35.176672,128.1439,2022,3
공원,충무공동,충무공동 291,35.174887,128.142751,2022,4
공원,충무공동,충무공동 291,35.172861,128.142559,2022,3
공원,충무공동,충무공동 291,35.170151,128.142024,2022,3
공원,충무공동,충무공동 299,35.17285,128.14523,2022,4
공원,충무공동,충무공동 285,35.174934,128.146871,2022,4
공원,충무공동,충무공동 351,35.174358,128.149983,2022,4
공원,충무공동,충무공동 274,35.176213,128.151652,2022,3
공원,충무공동,충무공동 257,35.176698,128.154813,2022,3
공원,충무공동,충무공동 351,35.174513,128.151886,2022,3
공원,충무공동,충무공동 351,35.173527,128.15361,2022,3
공원,충무공동,충무공동 337-2,35.173527,128.15361,2019,2
교통관리,충무공동,충무공동 12,35.18105,128.140423,2014,2
교통관리,충무공동,충무공동 194,35.180514,128.148904,2014,1
교통관리,충무공동,충무공동 227-3,35.176414,128.145601,2014,1
교통관리,충무공동,충무공동 132-2,35.169177,128.13625,2014,1
교통관리,충무공동,충무공동 304,35.170107,128.144319,2014,1
어린이보호구역,충무공동,충무공동 125,35.171907,128.137844,2016,3
어린이보호구역,충무공동,충무공동 125,35.171907,128.137844,2016,3
어린이보호구역,충무공동,충무공동 190-1,35.183031,128.149567,2018,2
어린이보호구역,충무공동,충무공동 190-1,35.183526,128.149089,2018,2
어린이보호구역,충무공동,충무공동 87-2,35.168224,128.130561,2018,2
어린이보호구역,충무공동,충무공동 131-1,35.170752,128.135558,2018,2
어린이보호구역,충무공동,충무공동 342,35.172487,128.148808,2019,2
도로방범,충무공동,충무공동 235,35.179123,128.153511,2020,2
도로방범,충무공동,충무공동 177,35.185218,128.150172,2020,1
도로방범,충무공동,충무공동 41,35.176454,128.133145,2020,1
도로방범,충무공동,충무공동 99 ,35.166872,128.136278,2020,2
도로방범,충무공동,충무공동 158 ,35.166445,128.137978,2014,2
도로방범,충무공동,충무공동 5,35.18094,128.133099,2020,2
도로방범,충무공동,충무공동 69-3,35.16362,128.126781,2020,1
방범,충무공동,충무공동 164,35.1759037,128.1415892,2020,3
방범,충무공동,충무공동 164,35.1759037,128.1415892,2020,3
방범,충무공동,충무공동 164,35.1759037,128.1415892,2020,2
방범,충무공동,충무공동 82-6,35.16907,128.13222,2021,4
공원,충무공동,충무공183,35.1835,128.14612,2021,1
공원,충무공동,충무공183,35.18255,128.14598,2021,1
공원,충무공동,충무공183,35.18242,128.14499,2021,1
교통정보수집,문산읍,문산읍소문리416-2,35.177117,128.156663,2021,4
공원,충무공동,충무공183,35.18242,128.14499,2021,2
공원,충무공동,충무공183,35.18336,128.14483,2022,2
스마트폴,충무공동,충무공동 183,35.1833,128.14565,2022,1
스마트폴,충무공동,충무공동 183,35.18294,128.14546,2022,1
스마트폴,충무공동,충무공동 183,35.16808,128.1398,2022,1
스마트폴,충무공동,충무공동 136,35.16838,128.12876,2022,1
스마트폴,충무공동,충무공동 44,35.15967,128.107491,2022,1
스마트교차로,상대동,상대동 310-67,35.184925,128.114404,2022,2
교통관리,내동면,내동면 독산리 172-2,35.157722,128.070052,2022,2
스마트폴,충무공동,충무공동 224,35.1793,128.14087,2022,1
스마트폴,충무공동,충무공동 8,35.18157,128.13721,2022,1
스마트폴,충무공동,충무공동 291,35.17576,128.14344,2022,1
스마트폴,충무공동,충무공동 350,35.17359,128.15511,2022,1
방범,충무공동,충무공동 246-1 ,35.179016,128.154114,2023,3
방범,판문동,판문동 860-7,35.202689,128.032922,2016,2
방범,판문동,평거동 345,35.170033,128.055004,2014,4
방범,판문동,평거동 743-9 ,35.168587,128.050312,2018,4
방범,판문동,판문동 268-9 ,35.168245,128.048272,2019,2
공원,판문동,평거동 718-1,35.182398,128.064815,2016,2
공원,판문동,평거동 736,35.173643,128.058402,2016,2
공원,판문동,판문동 469 ,35.173465,128.036854,2018,2
교통관리,판문동,평거동 636-13,35.16357,128.05537,2015,3
교통관리,판문동,평거동 695-323,35.163352,128.054661,2015,3
어린이보호구역,판문동,평거동 1065-148,35.165265,128.03974,2022,3
어린이보호구역,판문동,평거동 1065-148,35.1645929,128.0396944,2022,1
어린이보호구역,판문동,판문동 290,35.168582,128.045322,2021,2
어린이보호구역,판문동,판문동 290,35.169461,128.044251,2021,2
어린이보호구역,판문동,평거동 1125,35.16582,128.047817,2016,3
감응신호,대곡면,대곡면 단목리 277-22,35.259897,128.152705,2022,2
어린이보호구역,판문동,평거동 1125,35.165966,128.049086,2016,4
어린이보호구역,판문동,평거동 1125,35.164977,128.047619,2016,4
어린이보호구역,판문동,평거동 717-1,35.169248,128.051294,2022,5
어린이보호구역,판문동,평거동 717-1,35.1702038,128.0505466,2022,3
어린이보호구역,판문동,평거동 717-1,35.168469,128.052004,2022,5
공원,중앙동,옥봉동 28,35.197951,128.098304,2022,1
공원,중앙동,옥봉동 28,35.168128,128.057451,2014,1
어린이보호구역,판문동,평거동 800,35.153079,128.105895,2022,3
방범,가호동,가좌동 480-7,35.163282,128.108214,2022,3
방범,가호동,가좌동 656,35.168451,128.058217,2014,3
어린이보호구역,판문동,평거동 800,35.16882,128.05839,2014,1
어린이보호구역,판문동,평거동 800,35.218894,128.147338,2022,4
도로방범,금산면,금산면 장사리 973 ,35.169364,128.055935,2014,4
어린이보호구역,판문동,평거동 800,35.16905,128.05189,2021,2
방범,판문동,평거동 721-4,35.167661,128.052626,2022,2
스마트정류장,판문동,평거동 1129,35.17675,128.03544,2022,2
스마트폴,판문동,판문동 산 171-1,35.146503,128.168708,2022,1
도로방범,문산읍,문산읍 이곡리 953-1,35.17556,128.03855,2022,3
스마트폴,판문동,판문동 477,35.265065,128.116129,2022,1
도로방범,미천면,미천면 반지리 638-3,35.182608,128.25898,2022,3
도로방범,사봉면,사봉면 무촌리 1053,35.1621,128.039391,2021,4
방범,판문동,평거동 695-173,35.160163,128.049008,2021,1
방범,상대동,평거동 682-2,35.163047,128.05481,2021,2
방범,상대동,평거동 695-157,35.19321,128.077597,2022,2
방범,수곡면,수곡면 사곡리 942-2,35.240155,127.917716,2022,4
도로방범,판문동,평거동 1067-7 ,35.168431,128.052954,2022,3
방범,판문동,평거동 1075-7 ,35.166657,128.041649,2023,3
방범,판문동,평거동 849 ,35.166085,128.058569,2023,4
방범,평거동,평거동  162-34,35.175843,128.060865,2013,4
방범,평거동,평거동 162-5 ,35.177047,128.061628,2014,2
방범,평거동,평거동 749-20,35.174764,128.068177,2023,3
방범,일반성면,일반성면 답천리 300,35.159408,128.2877,2022,2
방범,평거동,진주시 평거동 193-4,35.174795,128.06306,2023,4
방범,평거동,평거동 338,35.171231,128.056211,2015,2
방범,중앙동,평안동 111,35.197343,128.082731,2022,4
방범,지수면,지수면 청원리 373-9,35.226333,128.277143,2022,2
방범,진성면,진성면 동산리 498-5,35.194513,128.221886,2022,4
방범,평거동,평거동 791-1,35.171079,128.063948,2016,4
도로방범,집현면,집현면 정수리 324,35.153079,128.105895,2022,6
방범,평거동,평거동 778-1,35.171393,128.066094,2016,2
방범,평거동,평거동 792-11,35.170126,128.065349,2016,3
방범,평거동,평거동 297-7 ,35.172816,128.058875,2017,2
방범,천전동,주약동 108-5,35.1749,128.092946,2022,2
도로방범,초장동,장재동 544-6,35.217328,128.100958,2022,3
방범,평거동,평거동 774-7 ,35.172228,128.065247,2017,2
방범,평거동,평거동 767-2 ,35.172956,128.067469,2017,2
방범,평거동,평거동 841 ,35.165652,128.056957,2019,2
방범,평거동,평거동 908,35.171149,128.062057,2022,4
방범,평거동,평거동 757-1 ,35.174008,128.067635,2019,2
방범,평거동,평거동 196-11,35.173824,128.061802,2019,2
공원,평거동,평거동 192-2,35.172483,128.062843,2016,2
공원,평거동,평거동 759-4,35.173699,128.06678,2017,3
공원,평거동,신안동 887-1,35.182398,128.064815,2016,2
공원,평거동,평거동 136-1,35.173643,128.058402,2016,2
공원,평거동,평거동 191-2,35.174878,128.063471,2017,2
공원,평거동,평거동 960 ,35.168808,128.061353,2018,2
공원,평거동,평거동 780-1 ,35.173643,128.058402,2019,4
공원,평거동,평거동 896 ,35.169143,128.058499,2019,2
공원,평거동,평거동 708-3 ,35.176926,128.07034,2019,3
방범,금산면,금산면 속사리 671-68,35.1863809,128.1364301,2022,2
방범,금산면,금산면 속사리 701-190,35.1924382,128.1334669,2022,2
방범,금산면, 금산면 송백리 697-1,35.208465,128.1313059,2022,3
방범,내동면,내동면 독산리 523-29,35.165432,128.064525,2022,2
방범,내동면,내동면 독산리 1066,35.164815,128.062028,2022,2
방범,내동면,내동면 독산리 산 73-2,35.162004,128.058202,2022,2
방범,내동면,내동면 삼계리 산 347,35.160039,128.048256,2022,3
공원,평거동,평거동 794-2 ,35.171026,128.066776,2019,4
공원,평거동,평거동 1065-70 ,35.166716,128.041674,2019,4
방범,집현면,집현면 덕오리 416,35.244542,128.134445,2022,2
공원,평거동,평거동 1086-8 ,35.165264,128.040996,2019,2
교통관리,평거동,평거동 296-2,35.172966,128.06025,2012,3
방범,집현면,집현면 대암리 906-1,35.255301,128.069205,2022,2
방범,평거동,평거동 1034,35.169786,128.059931,2017,2
도로방범,집현면,집현면 사촌리 459-1,35.215995,128.064446,2022,4
방범,집현면,집현면 지내리 478,35.241088,128.094729,2022,2
방범,문산읍,문산읍 삼곡리 640-1,35.166541,128.165859,2022,3
교통관리,평거동,평거동 1035,35.170469,128.061081,2017,4
어린이보호구역,평거동,평거동 748-4,35.174308,128.067104,2020,3
어린이보호구역,평거동,평거동 748-4,35.174472,128.065479,2020,3
어린이보호구역,평거동,평거동 748-4,35.175112,128.065767,2020,1
어린이보호구역,평거동,평거동 748-4,35.173864,128.064668,2020,1
도로방범,평거동,평거동 194-4,35.174329,128.061052,2015,0
방범,평거동,평거동 782-1,35.172275,128.064723,2019,4
감응신호,정촌면,정촌면 화개리 1934-3,35.133004,128.096763,2022,4
감응신호,정촌면,정촌면 화개리 1629-2,35.134306,128.098069,2022,6
감응신호,내동면,내동면 삼계리 252-7,35.153706,128.035401,2022,6
방범,일반성면,일반성면 운천리 897-3,35.174153,128.259198,2022,3
방범,일반성면,일반성면 운천리 897-3,35.174211,128.26136,2022,3
방범,내동면,내동면 삼계리 146-16,35.153629,128.045349,2022,3
방범,내동면,내동면 삼계리 152-12,35.153831,128.042979,2022,3
방범,내동면,내동면 삼계리 154,35.153539,128.042601,2022,3
방범,내동면,내동면 삼계리 160-3,35.153978,128.041278,2022,3
방범,내동면,내동면 삼계리 157-1,35.153462,128.040993,2022,2
방범,평거동,평거동 1082-5,35.165848,128.04292,2019,3
방범,평거동,평거동 787-6,35.170809,128.063211,2019,2
방범,평거동,평거동 400-9,35.170735,128.053777,2019,3
공원,천전동,망경동 180-8,35.181776,128.077426,2023,2
방범,평거동,평거동 381-2,35.171359,128.05483,2019,4
공원,천전동,망경동 187-5,35.181086,128.076694,2023,1
방범,평거동,평거동 1111-9,35.166809,128.044784,2020,2
공원,상봉동,진주시 상봉동 420,35.120258,128.081444,2023,1
방범,평거동,평거동 1012,35.168416,128.062613,2020,2
공원,상봉동,진주시 상봉동 401,35.205971,128.081192,2023,1
공원,상봉동,진주시 상봉동 432-1,35.202995,128.07952,2023,1
공원,중앙동,진주시 장재동 1373,35.207149,128.083046,2023,1
공원,중앙동,진주시 장재동 1268-1,35.206235,128.083829,2023,1
공원,중앙동,진주시 장재동 1392-1,35.204045,128.083292,2023,1
공원,평거동,평거동 794.2,35.173295,128.068776,2020,2
스마트폴,평거동,평거동 794-2,35.1723,128.06751,2021,1
공원,천전동,망경동산16-3,35.183391,128.077492,2023,2
공원,천전동,망경동산16-3,35.077498,128.077498,2023,1
공원,천전동,망경동산16-3,35.182759,128.077498,2023,2
공원,천전동,망경동산16-3,35.18276,128.077499,2023,1
도로방범,평거동,평거동 755-15,35.173287,128.068402,2022,3
방범,평거동,평거동 164-9 ,35.176417,128.062008,2023,4
방범,평거동,평거동 106-6 ,35.173376,128.057558,2023,3
방범,평거동,신안동 396-31,35.18314,128.064108,2023,3
방범,문산읍,문산읍 갈곡리 1072-1 ,35.148005,128.20788,2023,4
방범,하대동,하대동  103-2 ,35.189317,128.12306,2021,2
방범,문산읍,문산읍 두산리 378 ,35.145971,128.151693,2023,2
방범,하대동,하대동 313-28 ,35.192361,128.119316,2017,4
방범,하대동,하대동 421-11,35.188574,128.115,2018,2
방범,하대동,하대동 323-2,35.191875,128.123246,2016,2
방범,하대동,하대동 329-26,35.190979,128.119355,2016,2
방범,정촌면,정촌면 예하리 896 ,35.114794,128.093817,2023,2
방범,정촌면,정촌면 대축리 241-2 ,35.126369,128.086051,2023,2
방범,하대동,하대동 453-7,35.192852,128.114446,2016,2
방범,금곡면 ,금곡면 인담리 867-2 ,35.111705,128.169112,2023,3
방범,금곡면 ,금곡면 정자리 148-1,35.123703,128.182272,2023,3
방범,하대동,하대동 301-34,35.193864,128.117765,2016,2
방범,하대동,하대동 135-28,35.187046,128.127523,2016,2
방범,하대동,하대동 103-82,35.191184,128.124543,2016,4
방범,진성면,진성면 구천리 산76-2 ,35.156158,128.234134,2023,2
방범,진성면,진성면 대사리 887-5 ,35.147819,128.253155,2023,3
방범,하대동,하대동 336-44,35.190185,128.120754,2016,5
방범,일반성면,일반성면 가선리 100-3 ,35.167182,128.308209,2023,2
방범,하대동,하대동 117-29 ,35.18727,128.121418,2017,2
방범,하대동,하대동 340-1 ,35.189553,128.116113,2017,2
방범,이반성면,이반성면 평촌리 795-5 ,35.183171,128.330854,2023,2
방범,이반성면,이반성면 대천리 880,35.148745,128.309121,2023,2
방범,하대동,하대동 350-32 ,35.188115,128.119526,2017,2
방범,하대동,하대동 328-21,35.191638,128.118397,2017,2
방범,하대동,하대동 139-43,35.186136,128.124911,2018,2
방범,하대동,하대동 338-4,35.190383,128.122149,2019,3
방범,하대동,하대동 71-9,35.185073,128.121045,2019,2
방범,지수면,지수면 청원리 산63-7 ,35.223873,128.279486,2023,2
방범,지수면,지수면 압사리 1077-3 ,35.234834,128.25112,2023,2
방범,지수면,지수면 용봉리 1052-1 ,35.25329,128.21371,2023,2
방범,대곡면,대곡면 월암리 639-1 ,35.317261,128.160926,2023,2
방범,대곡면,대곡면 설매리 803-6 ,35.283761,128.165911,2023,2
공원,하대동,하대동 295 ,35.194137,128.120126,2021,2
공원,하대동,하대동 326 ,35.192473,128.124657,2017,4
방범,금산면 ,금산면 용아리 887-1 ,35.205725,128.156516,2023,3
어린이보호구역,하대동,하대동 601,35.195433,128.112583,2022,3
어린이보호구역,하대동,하대동 343-3,35.189346,128.117075,2021,2
방범,집현면,집현면 사촌리 668 ,35.230078,128.058019,2023,2
어린이보호구역,하대동,하대동 343-3,35.190149,128.11833,2021,3
방범,집현면,집현면 덕오리 621 ,35.253036,128.121359,2023,2
방범,미천면,미천면 벌당리 203-1 ,35.265628,128.129552,2023,2
어린이보호구역,하대동,하대동 343-3,35.190265,128.117065,2021,1
어린이보호구역,하대동,하대동 343-3,35.188867,128.117597,2021,2
방범,미천면,미천면 미곡리 84-8 ,35.316278,128.113072,2023,2
어린이보호구역,하대동,하대동 343-3,35.190063,128.118631,2021,2
방범,명석면,명석면 덕곡리 215 ,35.260317,128.032215,2023,3
방범,명석면,명석면 신기리 372 ,35.289932,128.03076,2023,2
방범,명석면,명석면 용산리 787-3,35.230652,128.011505,2023,2
방범,대평면,대평면 하촌리 644-2 ,35.197911,127.964781,2023,2
어린이보호구역,하대동,하대동 343-3,35.188563,128.117148,2021,1
어린이보호구역,하대동,하대동 136-18,35.185627,128.119713,2022,5
방범,수곡면,수곡면 효자리508-2 ,35.194188,127.938025,2023,3
어린이보호구역,하대동,하대동 136-18,35.186543,128.119447,2022,5
방범,수곡면,수곡면 원외리 227-1 ,35.160421,127.948433,2023,2
어린이보호구역,하대동,하대동 136-18,35.1860424,128.119985,2022,1
어린이보호구역,하대동,초전동 405-1,35.195967,128.123049,2021,4
어린이보호구역,하대동,초전동 405-1,35.19366,128.123157,2021,4
어린이보호구역,하대동,초전동 405-1,35.19366,128.123157,2021,1
어린이보호구역,하대동,초전동 405-1,35.194163,128.125739,2021,1
어린이보호구역,하대동,하대동 119-1,35.186911,128.125009,2020,4
어린이보호구역,하대동,하대동 119-1,35.187319,128.12341,2020,3
어린이보호구역,하대동,하대동 119-1,35.187859,128.123725,2020,1
도로방범,하대동,하대동 316-6 ,35.192983,128.121968,2017,2
도로방범,하대동,하대동 571-5 ,35.193031,128.115891,2019,3
도로방범,하대동,하대동 75-12,35.184844,128.127746,2019,2
방범,하대동,하대동 624-6,35.195312,128.115965,2019,3
방범,하대동,하대동 115-14,35.188129,128.126157,2019,3
방범,하대동,하대동 347-10,35.188885,128.119517,2019,2
방범,하대동,하대동 114-36,35.188441,128.123923,2019,2
방범,하대동,하대동 295,35.193812,128.119883,2019,2
방범,하대동,하대동 139-16,35.185812,128.126138,2019,3
방범,하대동,하대동 111,35.188063,128.128128,2019,4
방범,하대동,하대동 329-18,35.191863,128.120632,2019,4
도로방범,상평동,상평동 269-18 ,35.177219,128.104501,2023,3
방범,하대동,하대동 103-53,35.190461,128.124134,2020,2
방범,하대동,하대동 480-6,35.19117,128.115789,2020,4
방범,하대동,하대동 348,35.189544,128.120941,2020,2
방범,하대동,하대동 330-10,35.19111,128.12198,2021,3
방범,신안동,신안동 442-4 ,35.183612,128.069236,2023,2
방범,하대동,하대동 54,35.18616,128.1289,2021,3
방범,하대동,하대동 11-6,35.18997,128.12865,2021,3
스마트폴,하대동,하대동 11-6,35.19029,128.1285,2022,1
방범,이현동,이현동 7-45 ,35.197511,128.055989,2023,3
방범,하대동,하대동 72,35.184547,128.122552,2022,5
방범,하대동,하대동 129-4 ,35.187466,128.127094,2022,4
도로방범,판문동,판문동 230-1,35.171739,128.041685,2023,2
방범,하대동,하대동 139-42,35.185754,128.124975,2022,5
방범,가호동,가좌동 1446-13 ,35.156882,128.106315,2023,2
방범,하대동,하대동 627-3,35.194551,128.115379,2022,4
방범,하대동,상대동 177-6,35.188653,128.118272,2022,3
방범,하대동,하대동 312-28 ,35.192533,128.117932,2023,3
공원,가호동,강남동 245-178,35.178737,128.088344,2023,4
도로방범,하대동,하대동 453-21 ,35.192219,128.114428,2023,2
방범,하대동,하대동 300-2,35.193344,128.115538,2023,4
공원,충무공동,강남동 245-178,35.178737,128.088344,2023,1
방범,충무공동,상봉동 987-4,35.1994,128.082076,2023,1
공원,충무공동,충무공동 75,35.173934,128.135384,2023,2
방범,가호동,가좌동 1431-5,35.160619,128.106871,2023,3
도로방범,미천면,미천면 오방리 949,35.296427,128.120592,2023,2
방범,상대동,상대동 245-6,35.182019,128.112869,2023,3
방범,상봉동,상봉동 1097-2,35.195379,128.070155,2023,2
방범,상봉동,상봉동1344-1,35.204996,128.066916,2023,2
방범,신안동,신안동 35-29,35.186847,128.064833,2023,2
방범,이반성면,이반성면 대천리 1092-5,35.138707,128.30744,2023,2
교통관리,중앙동,장대동 76,35.194717,128.089457,2023,3
방범,지수면,지수면 금곡리 355,35.212846,128.257057,2023,2
방범,천전동,주약동 422-1,35.171378,128.094715,2023,3
방범,천전동,칠암동 524-12,35.183521,128.093448,2023,4
방범,초장동,상대동 245-26,35.199626,128.106099,2023,3
방범,평거동,평거동 751-8,35.174255,128.067311,2023,2
방범,천전동,망경동 36-32,35.183977,128.088493,2023,3
방범,천전동,망경동 447-39,35.182445,128.088405,2023,3
방범,일반성면,일반성면 답천리 1232-24,35.1803,128.107123,2023,2
방범,일반성면,일반성면 창촌리 655-1,35.1083,128.10721,2023,2
방범,일반성면,일반성면 창촌리 758,35.1803,128.10731,2023,1
방범,일반성면,일반성면 창촌리 471-2,35.180345,128.10742,2023,2
방범,일반성면,일반성면 창촌리 541-12,35.180345,128.10742,2023,2
방범,일반성면,일반성면 창촌리 736-4,35.180345,128.10742,2023,2
방범,이반성면,이반성면 대천리 31-2,35.1556,128.305,2023,3
방범,이반성면,이반성면 대천리 77-4,35.1556,128.305,2023,3
방범,이반성면,이반성면 대천리 114-3,35.1556,128.305,2023,3
방범,이반성면,이반성면 대천리 15-2,35.155627,128.305604,2023,3
방범,이반성면,이반성면 대천리 25-2,35.155627,128.305604,2023,3
방범,금산면 ,금산면 갈전리 35-2,35.189374,128.177725,2023,3
방범,천전동,주약동 64-2,35.17589,128.093144,2023,2
방범,중앙동,옥봉동 353-19,35.198429,128.091088,2023,2
방범,상봉동 ,상봉동 618-1,35.202935,128.072082,2023,3
방범,상봉동 ,상봉동 1030-18,35.199592,128.074297,2023,4
방범,상대동,상대동 180-26 ,35.187153,128.115612,2023,3
방범,상대동 ,상대동 819-1,35.18613,128.100432,2023,2
방범,하대동,하대동 131-1,35.186657,128.12085,2023,6
도로방범,초장동,초전동 409-1,35.20894,128.119341,2023,3
방범,평거동,신안동 417-21,35.182856,128.064761,2023,2
방범,평거동,신안동 806,35.182856,128.064761,2023,2
방범,신안동,신안동 461-20,35.178174,128.059995,2023,3
방범,이현동,이현동 28-8,35.190755,128.065029,2023,2
방범,가호동,가좌동 711,35.164445,128.107105,2024,2
감응신호,상평동,진주시 남강로 돗골로 ,35.168174,128.112987,2024,1
감응신호,내동면,내동면 독산리 65-7,35.161069,128.068568,2024,3
감응신호,초장동,초전동 1583-14,35.20686,128.126527,2024,3
감응신호,초장동,장재동 245,35.202266,128.102578,2024,4
감응신호,초장동,초장동 진산로 장재새미길,32.208958,128.102094,2024,3
감응신호,이현동,유곡동 72-1,35.193723,128.063953,2024,1
방범,가호동,가좌동 산113-1,35.1637,128.0932,2024,2
방범,가호동,가좌동 산113-1,35.1636,128.0958,2024,2
방범,가호동,가좌동 산113-1,35.1608,128.0999,2024,1
방범,문산읍,문산읍 상문리 1148-24,35.1715575,128.1716967,2024,2
방범,문산읍,문산읍 소문리 780-6,35.1692087,128.1627036,2024,4
방범,문산읍,문산읍 삼곡리 1242-11,35.168603,128.1652255,2024,2
방범,문산읍,문산읍 상문리 1016-3,35.1719652,128.1780649,2024,4
방범,문산읍,문산읍 삼곡리 1265-1,35.1685972,128.1640859,2024,4
방범,문산읍,문산읍 삼곡리 1199-10,35.1429815,128.1680645,2024,4
방범,내동면,내동면 삼계리 959-2,35.1429815,128.0274384,2024,2
도로방범,내동면,내동면 신율리 249-4,35.1477542,128.0936502,2024,3
방범,내동면,내동면 삼계리 619-19,35.151857,128.0345716,2024,4
방범,내동면,내동면 내평리 산71-6,35.1561581,127.9997924,2024,2
방범,내동면,내동면 내평리 65,35.1405179,128.021483,2024,3
방범,정촌면,정촌면 화개리 24-7,35.1425402,128.1226115,2024,3
방범,정촌면,정촌면 관봉리 1382-14,35.1170612,128.135455,2024,3
방범,정촌면,정촌면 예하리 279-3,35.1141712,128.0977869,2024,3
방범,정촌면,정촌면 관봉리 1247,35.137812,128.1379743,2024,2
방범,진성면,진성면 상촌리 403-1,35.177302,128.221808,2024,2
방범,진성면,진성면 동산리 899-7,35.1934477,128.219981,2024,2
방범,일반성면,일반성면 남산리 473-1,35.14482326,128.2802366,2024,2
방범,일반성면,일반성면 운천리 221-3,35.16195453,128.2756445,2024,2
방범,일반성면,일반성면 남산리 1218-1,35.1481941,128.2592271,2024,2
방범,일반성면,일반성면 가선리 235,35.18297134,128.2961687,2024,3
방범,이반성면,이반성면 가산리 1283-77,35.15655145,128.3195214,2024,2
방범,이반성면,이반성면 장안리 1202,35.1896475,128.339096,2024,3
방범,이반성면,이반성면 평촌리 223-1,35.18961401,128.3322919,2024,3
도로방범,이반성면,이반성면 하곡리 955-3,35.17208852,128.3301913,2024,2
방범,사봉면,사봉면 사곡리 1853,35.18472381,128.2870955,2024,3
방범,사봉면,사봉면 무촌리 117-10,35.17581878,128.2753342,2024,2
방범,지수면,지수면 청담리 612-3,35.2476529,128.2735953,2024,2
도로방범,지수면,지수면 청담리 1061-1,35.2518169,128.2581279,2024,3
방범,지수면,지수면 청담리 914,35.24900704,128.2800079,2024,3
방범,지수면,지수면 압사리 470-5,35.23508,128.2548449,2024,3
방범,대곡면,대곡면 와룡리 1127-7,35.25059641,128.1660215,2024,3
방범,대곡면,대곡면 와룡리 277-3,35.2693215,128.1828929,2024,3
방범,대곡면,대곡면 월암리 562-3,35.3040379,128.1653656,2024,3
도로방범,금산면,금산면 용아리 산 9-1,35.2000119,128.1860529,2024,3
도로방범,금산면,금산면 중천리 1052-1,35.21264145,128.1298798,2024,3
방범,금산면,금산면 중천리 629-8,35.2140607,128.1336312,2024,4
방범,집현면,집현면 지내리 498-12,35.2000199,128.079718,2024,2
방범,집현면,집현면 정수리 239-1,35.2856168,128.0830099,2024,1
방범,집현면,집현면 덕오리 480-1,35.2456198,128.1287552,2024,2
방범,집현면,집현면 신당리 95-1,35.2266001,128.1214455,2024,3
방범,미천면,미천면 효자리 288-2,35.3320945,128.0843378,2024,3
방범,미천면,미천면 미곡리 80-1,35.3240811,128.1242917,2024,2
방범,미천면,미천면 안간리 487,35.3176453,128.0903321,2024,3
방범,명석면,명석면 우수리 94-4,35.21178643,128.0400543,2024,4
방범,명석면,명석면 신기리 275-5,35.2832872,128.0330871,2024,2
방범,명석면,명석면 용산리 450-2,35.225791,128.0240631,2024,2
방범,명석면,명석면 오미리 445-7,35.2643651,127.9937332,2024,2
방범,명석면,명석면 계원리 534,35.27500641,128.0359691,2024,2
방범,대평면,대평면 대평리 708-4,35.2243622,127.9627782,2024,2
방범,수곡면,수곡면 사곡리 71-1,35.2014,127.927,2024,2
방범,수곡면,수곡면 대천리 273-12 금동경로당,35.2014228,127.9277747,2024,2
방범,천전동,망경동 203-7,35.1809853,128.0773665,2024,2
방범,천전동,망경동 69-14,35.182957,128.0830562,2024,2
방범,성북동,봉곡동 1-1 ,35.197219,128.0795554,2024,3
방범,성북동,봉곡동 24-16,35.1957009,128.076253,2024,2
방범,성북동,인사동 168,35.1877739,128.0731264,2024,2
방범,중앙동,옥봉동 377-4,35.19329282,128.081568,2024,2
방범,상봉동,상봉동 1422-11,35.2015292,128.0745855,2024,2
방범,상대동,상대동 247-8,35.1818553,128.11147,2024,1
방범,상대동,상대동 238-1,35.184185,128.1157403,2024,3
방범,하대동,하대동 594-4,35.192057,128.113276,2024,3
방범,상평동,상평동 219-45,35.1779811,128.1086297,2024,2
방범,초장동,장재동 563-2,35.215131,128.106491,2024,3
방범,평거동,평거동 776-10,35.1716349,128.06596,2024,4
방범,평거동,신안동 774-7,35.1782043,128.0622414,2024,3
방범,평거동,신안동 808-4,35.177,128.0583772,2024,3
방범,평거동,평거동 354-4,35.1723628,128.0552231,2024,3
방범,판문동,평거동 739-6,35.1692396,128.0494831,2024,2
공원,신안동,신안동 446,35.1850789,128.0702503,2024,3
교통정보수집,가호동,가좌동2011-1,35.148187,128.105093,2020,1
교통정보수집,가호동,가좌동1959,35.152479,128.116304,2020,1
교통정보수집,상대동,상대동332-6,35.179354,128.101892,2020,1
교통정보수집,상대동,상대동33-75,35.187153,128.115612,2020,1
교통정보수집,상대동,상대동296-84,35.179337,128.102072,2020,1
교통정보수집,상평동,상평동283-1,35.172729,128.100023,2020,2
교통정보수집,상평동,상평동501,35.16814,128.11302,2020,1
교통정보수집,상평동,상평동501,35.168357,128.111734,2020,1
교통정보수집,신안동,신안동277,35.185285,128.074944,2020,1
교통정보수집,초장동,초전동1583-22,35.212228,128.124909,2020,1
교통정보수집,초장동,초전동1583-13,35.210077,128.125713,2020,1
교통정보수집,충무공동,충무공동223,35.180271,128.14951,2020,1
교통정보수집,판문동,판문동10-1,35.186762,128.047522,2020,3
교통정보수집,평거동,평거동602-9,35.168901,128.06441,2020,1
교통정보수집,평거동,평거동 215-1,35.170226,128.06308,2020,1
교통정보수집,하대동,하대동312-42,35.192558,128.116819,2020,1
교통관리,가호동,가좌동2107,35.124195,128.119179,2023,4
교통관리,가호동,가좌동638-3,35.154953,128.117876,2023,4
교통관리,가호동,가좌동1949,35.155597,128.116481,2023,3
방범,중앙동,장대동 106-8,35.191817,128.08549,2024,2
방범,중앙동,장대동101-14,35.191134,128.085316,2024,2
방범,중앙동,장대동102-8,35.192201,128.086218,2024,2
방범,중앙동,장대동91-16,35.199023,128.090002,2024,2
방범,중앙동,장대동83-2,35.195389,128.088696,2024,2
방범,중앙동,옥봉동794-1,35.190888,128.088786,2024,2
방범,중앙동,옥봉동796-23,35.191931,128.08559,2024,2
방범,중앙동,옥봉동798-2,35.195547,128.088448,2024,2
방범,일반성면,일반성면 창촌리 660-7,35.1445714,128.2722595,2023,2
방범,문산읍,문산읍 삼곡리 1139-1,35.1644901,128.1626653,2023,2
방범,문산읍,문산읍 삼곡리 1139-1,35.1644901,128.1626653,2023,2
방범,문산읍,문산읍 삼곡리 1139-1,35.1644901,128.1626653,2023,2
방범,이반성면,이반성면 부평길 15,35.1865003,128.3310209,2023,2
방범,이반성면,이반성면 부평길 15,35.1865003,128.3310209,2023,2
방범,이반성면,이반성면 부평길 15,35.1865003,128.3310209,2023,2
방범,내동면,내동면 삼계리 산200-16,35.1502697,128.0315972,2023,2
방범,내동면,내동면 내평리 20-3,35.1396799,128.0261996,2023,3
학교내,천전동,천수로 175 망경초등학교,35.179698,128.083342,2023,10
학교내,천전동,진주대로954번길 24 천전초등학교,35.186065,128.090435,2023,8
학교내,성북동,북장대로36번길 8 봉곡초등학교,35.194582,128.075051,2023,7
학교내,성북동,진주성로24번길 7 진주초등학교,35.19329,128.07755,2023,13
학교내,중앙동,의병로 265 봉래초등학교,35.19769,128.09099,2023,15
학교내,상봉동,의병로 95-20 봉원초등학교,35.199334,128.068419,2023,12
학교내,상대동,모덕로 99 남강초등학교,35.183544,128.109378,2023,10
학교내,하대동,대신로 324 도동초등학교,35.189696,128.117787,2023,23
학교내,하대동,도동로187번길 13 동진초등학교,35.187685,128.12449,2023,11
학교내,상평동,남강로 959번길 22 가람초등학교,35.173589,128.101396,2023,17
학교내,초장동,초북로 66 장재초등학교,35.214396,128.109722,2023,10
학교내,초장동,말티고개로123번길 19 금성초등학교,35.1980425,128.1150095,2023,9
학교내,초장동,하대로105번길 26 선학초등학교,35.19588,128.123475,2023,13
학교내,초장동,진주시 초전북로 초전초등학교,35.207908,128.11445,2023,8
학교내,평거동,진양호로84번길 20 수정초등학교,35.165422,128.048416,2023,6
학교내,평거동,새평거로 85 서진초등학교,35.168256,128.056952,2023,9
학교내,평거동,신평공원길57번길 19 신진초등학교,35.174888,128.066191,2023,9
학교내,신안동,진양호로369번길 3 진주교대부설초등학교,35.184458,128.067358,2023,12
학교내,신안동,석갑로 28 배영초등학교,35.176322,128.067127,2023,12
학교내,신안동,평거로 139번길 8 신안초등학교,35.182927,128.068372,2023,16
학교내,이현동,평거로 259 촉석초등학교,35.191132,128.061369,2023,15
학교내,판문동,진양호로51번길 16 평거초등학교,35.16931,128.045309,2023,8
학교내,가호동,내동로 348 가좌초등학교,35.14965,128.103259,2023,16
학교내,가호동,동부로 11 정촌초등학교,35.160181,128.108372,2023,12
학교내,가호동,천수로 64 주약초등학교,35.172125,128.092133,2023,12
학교내,가호동,진주역로73번길 7 은하수초등학교,35.1513,128.11105,2023,13
학교내,충무공동,사들로 173 갈전초등학교,35.182841,128.148904,2023,10
학교내,충무공동,영천강로 119번길 37 무지개초등학교,35.171322,128.137142,2023,8
학교내,충무공동,사들로 70 충무공초등학교,35.1735883,128.1499166,2023,9
학교내,문산읍,문산읍 소문길 11 문산초등학교,35.171453,128.161821,2023,3
학교내,문산읍,월아산로1048번길 36 혜광학교,35.164277,128.168414,2023,10
학교내,내동면,내동면 순환로 426 내동초등학교,35.173853,128.067856,2023,9
학교내,정촌면,정촌로 629 관봉초등학교,35.137014,128.143315,2023,6
학교내,정촌면,삼일로 50 예하초등학교,35.122817,128.094383,2023,8
학교내,금곡면,월아산로89번길 11 금곡초등학교,35.089682,128.184853,2023,7
학교내,진성면,진성로355번길 10 진성초등학교,35.169982,128.224703,2023,8
학교내,일반성면,동부로 2060 반성초등학교,35.169604,128.285659,2023,9
학교내,이반성면,오봉산로 762 이반성초등학교,35.173245,128.329021,2023,8
학교내,사봉면,사군로 99 사봉초등학교,35.189012,128.269413,2023,11
학교내,지수면,지사로 806 지수초등학교,35.233209,128.252786,2023,8
학교내,대곡면,진의로 970 대곡초등학교,35.25789,128.176903,2023,6
학교내,금산면,금산로 75 금산초등학교,35.21521548,128.144117,2023,15
학교내,금산면,중천로67번길 25 금호초등학교,35.218937,128.143446,2023,4
학교내,집현면,지내길 271 집현초등학교,35.241867,128.092632,2023,16
학교내,미천면,안간길 18-8 미천초등학교,35.318959,128.088138,2023,4
학교내,명석면,광제산로 23 명석초등학교,35.217998,128.039806,2023,6
학교내,수곡면,곤수로 1000 수곡초등학교,35.200918,128.932103,2023,6
